True_label,Predicted_label
Good,Good
Good,Good
Good,Good
Good,Good
Poor,Poor
Good,Good
Good,Good
Good,Good
Good,Good
Good,Good
Good,Good
Good,Good
Good,Good
Good,Good
Good,Good
Good,Good
Good,Good
Good,Good
Good,Good
Poor,Poor
Poor,Poor
Good,Good
Good,Good
Poor,Poor
Moderate,Poor
Good,Good
Good,Good
Good,Good
Good,Good
Good,Good
Good,Good
Good,Good
Good,Good
Good,Good
Good,Good
Good,Good
Poor,Poor
Good,Good
Good,Good
Good,Good
Good,Good
Good,Good
Good,Good
Good,Good
Poor,Poor
Good,Good
Good,Good
Good,Good
Good,Good
Good,Good
Good,Good
Good,Good
Poor,Poor
Good,Good
Good,Good
Good,Good
Good,Good
Good,Good
Poor,Good
Good,Good
Good,Good
Good,Good
Good,Good
Good,Good
Good,Good
Good,Good
Good,Good
Good,Good
Good,Good
Good,Good
Good,Good
Good,Good
Poor,Poor
Good,Good
Poor,Poor
Good,Good
Good,Good
Good,Good
Good,Good
Good,Good
Good,Good
Good,Good
Good,Good
Good,Good
Poor,Poor
Good,Good
Poor,Poor
Good,Good
Good,Good
Poor,Poor
Good,Good
Good,Good
Good,Good
Good,Good
Good,Good
Good,Good
Poor,Poor
Good,Good
Good,Good
Good,Good
Good,Good
Poor,Poor
Good,Good
Good,Good
Moderate,Poor
Good,Good
Poor,Poor
Good,Good
Poor,Poor
Good,Good
Good,Good
Good,Good
Good,Good
Good,Good
Good,Good
Good,Good
Good,Good
Good,Good
Poor,Poor
Good,Good
Good,Good
Good,Good
Good,Good
Good,Good
Good,Good
Good,Good
Good,Good
Good,Good
Good,Good
Poor,Poor
Good,Good
Good,Good
Poor,Poor
Good,Good
Good,Good
Good,Good
Good,Good
Good,Good
Moderate,Moderate
Good,Good
Good,Good
Good,Good
Good,Good
Good,Good
Good,Good
Good,Good
Good,Good
Good,Good
Good,Good
Good,Good
Good,Good
Good,Good
Good,Good
Good,Poor
Good,Good
Good,Good
Good,Good
Poor,Good
Good,Good
Good,Good
Good,Good
Poor,Good
Good,Good
Poor,Poor
Good,Good
Good,Good
Good,Good
Good,Good
Good,Good
Good,Good
Good,Good
Good,Good
Good,Good
Good,Good
Good,Good
Good,Good
Good,Good
Good,Good
Good,Good
Good,Good
Good,Good
Poor,Poor
Good,Good
Good,Good
Good,Good
Good,Good
Good,Good
Good,Good
Good,Good
Good,Good
Good,Good
Good,Good
Good,Good
Good,Good
Good,Good
Good,Good
Poor,Poor
Poor,Poor
Good,Good
Good,Good
Good,Good
Good,Good
Good,Good
Good,Good
Good,Good
Good,Good
Poor,Poor
Good,Good
Good,Good
Good,Good
Good,Good
Poor,Poor
Good,Good
Good,Good
Good,Good
Good,Good
Good,Moderate
Good,Good
Good,Good
Good,Good
Good,Good
Good,Good
Good,Good
Moderate,Good
Good,Good
Good,Good
Good,Good
Good,Good
Poor,Poor
Good,Good
Good,Good
Good,Good
Good,Good
Good,Good
Good,Good
Poor,Poor
Good,Good
Poor,Good
Good,Good
Good,Good
Good,Good
Good,Good
Good,Good
Good,Good
Good,Good
Good,Good
Good,Good
Good,Good
Good,Good
Good,Good
Good,Good
Good,Good
Poor,Poor
Good,Good
Good,Good
Good,Good
Good,Good
Poor,Poor
Moderate,Moderate
Good,Good
Good,Good
Good,Good
Poor,Poor
Good,Good
Good,Good
Good,Good
Good,Good
Good,Good
Good,Good
Good,Good
Moderate,Good
Good,Good
Good,Good
Poor,Poor
Good,Good
Good,Good
Good,Good
Good,Good
Good,Good
Moderate,Good
Good,Good
Poor,Poor
Good,Good
Good,Good
Good,Good
Good,Good
Good,Good
Good,Good
Good,Good
Moderate,Good
Good,Good
Good,Good
Good,Good
Moderate,Moderate
Good,Good
Good,Good
Good,Good
Good,Good
Moderate,Good
Good,Good
Good,Good
Good,Moderate
Good,Good
Good,Good
Good,Good
Good,Good
Good,Good
Moderate,Good
Good,Good
Good,Good
Good,Good
Good,Good
Good,Good
Good,Good
Poor,Poor
Good,Good
Good,Good
Good,Good
Good,Good
Poor,Poor
Good,Good
Good,Good
Good,Good
Good,Good
Good,Good
Good,Good
Good,Good
Good,Good
Good,Good
Poor,Poor
Good,Good
Poor,Poor
Good,Good
Good,Good
Moderate,Moderate
Good,Good
Moderate,Moderate
Good,Good
Good,Good
Good,Good
Good,Good
Good,Good
Good,Good
Good,Good
Good,Good
Good,Good
Good,Good
Poor,Poor
Good,Good
Poor,Poor
Good,Good
Poor,Poor
Good,Good
Poor,Poor
Good,Good
Good,Good
Good,Good
Good,Good
Good,Good
Good,Good
Poor,Poor
Good,Good
Good,Good
Good,Good
Good,Good
Good,Good
Good,Good
Good,Good
Moderate,Good
Poor,Poor
Good,Good
Good,Good
Good,Good
Good,Good
Good,Good
Good,Good
Moderate,Good
Good,Good
Good,Good
Good,Good
Good,Good
Poor,Poor
Good,Good
Moderate,Good
Good,Moderate
Good,Good
Good,Good
Good,Good
Good,Good
Good,Good
Good,Good
Poor,Poor
Good,Good
Good,Good
Good,Good
Good,Good
Good,Good
Good,Good
Good,Good
Good,Good
Poor,Poor
Good,Good
Good,Good
Good,Good
Good,Good
Good,Good
Good,Good
Moderate,Good
Good,Good
Moderate,Good
Good,Good
Good,Good
Poor,Poor
Good,Good
Good,Good
Good,Good
Poor,Moderate
Good,Good
Poor,Poor
Good,Good
Moderate,Good
Moderate,Good
Good,Good
Poor,Poor
Good,Good
Good,Good
Poor,Poor
Good,Good
Good,Good
Good,Good
Good,Good
Good,Good
Good,Good
Good,Good
Moderate,Good
Good,Good
Good,Good
Good,Good
Good,Good
Good,Good
Good,Good
Good,Good
Good,Good
Good,Good
Good,Good
Good,Good
Good,Good
Good,Good
Good,Good
Good,Good
Good,Good
Good,Good
Good,Good
Good,Good
Good,Good
Good,Good
Good,Good
Good,Good
Good,Good
Good,Good
Good,Good
Good,Good
Good,Good
Good,Good
Good,Good
Good,Good
Good,Good
Poor,Good
Poor,Good
Good,Good
Good,Good
Poor,Good
Good,Good
Good,Good
Good,Good
Good,Good
Good,Good
Good,Good
Poor,Moderate
Poor,Poor
Good,Good
Good,Good
Good,Good
Good,Good
Good,Good
Good,Good
Good,Good
Good,Good
Good,Good
Good,Good
Good,Good
Good,Good
Good,Good
Good,Good
Good,Good
Good,Good
Good,Good
Good,Good
Poor,Poor
Good,Good
Good,Good
Good,Good
Good,Good
Good,Good
Poor,Poor
Good,Good
Good,Good
Poor,Poor
Good,Good
Good,Good
Good,Good
Good,Good
Poor,Poor
Good,Good
Good,Good
Good,Good
Good,Good
Good,Good
Good,Good
Good,Good
Good,Good
Good,Good
Good,Good
Good,Moderate
Good,Good
Good,Good
Good,Good
Good,Good
Poor,Poor
Moderate,Moderate
Good,Good
Good,Good
Good,Good
Good,Good
Good,Good
Good,Good
Good,Good
Good,Good
Good,Good
Good,Good
Good,Good
Good,Good
Good,Good
Good,Good
Good,Good
Good,Good
Good,Good
Good,Good
Good,Good
Good,Good
Good,Good
Good,Good
Good,Good
Good,Good
Good,Good
Good,Good
Good,Good
Good,Good
Good,Good
Good,Good
Poor,Poor
Good,Good
Good,Good
Good,Good
Good,Good
Good,Good
Good,Good
Good,Good
Good,Good
Good,Good
Good,Good
Good,Good
Good,Good
Good,Good
Good,Good
Good,Good
Poor,Poor
Poor,Poor
Good,Good
Good,Good
Good,Good
Good,Good
Good,Good
Good,Good
Good,Good
Moderate,Poor
Good,Good
Good,Good
Poor,Poor
Good,Good
Good,Good
Good,Good
Good,Good
Good,Good
Poor,Poor
Good,Good
Good,Good
Good,Good
Good,Good
Good,Good
Good,Good
Good,Good
Good,Good
Good,Good
Good,Good
Poor,Poor
Poor,Poor
Poor,Poor
Good,Good
Good,Good
Good,Good
Good,Good
Good,Good
Good,Good
Good,Good
Good,Good
Good,Good
Good,Good
Good,Good
Good,Moderate
Good,Good
Good,Good
Good,Good
Good,Good
Good,Good
Good,Good
Poor,Poor
Good,Good
Good,Good
Good,Good
Poor,Good
Poor,Poor
Good,Good
Poor,Moderate
Poor,Poor
Good,Good
Poor,Poor
Good,Good
Good,Good
Good,Good
Moderate,Good
Good,Good
Good,Good
Moderate,Good
Poor,Poor
Good,Good
Good,Good
Good,Good
Good,Good
Poor,Poor
Good,Good
Good,Good
Good,Good
Good,Good
Moderate,Good
Good,Good
Good,Moderate
Poor,Poor
Moderate,Moderate
Good,Good
Poor,Poor
Good,Good
Poor,Good
Good,Good
Good,Good
Good,Good
Good,Good
Poor,Poor
Good,Good
Good,Good
Good,Good
Good,Good
Good,Good
Poor,Poor
Good,Good
Good,Good
Poor,Good
Good,Good
Good,Good
Good,Good
Good,Good
Good,Good
Good,Good
Good,Good
Good,Good
Good,Good
Good,Good
Poor,Poor
Good,Good
Good,Good
Moderate,Good
Good,Good
Good,Good
Good,Good
Good,Good
Good,Good
Good,Good
Good,Good
Good,Good
Good,Good
Good,Good
Good,Good
Good,Good
Moderate,Good
Good,Good
Good,Good
Good,Good
Poor,Poor
Good,Good
Good,Good
Good,Good
Good,Good
Poor,Poor
Good,Good
Poor,Poor
Poor,Poor
Good,Good
Poor,Poor
Moderate,Good
Good,Good
Good,Good
Poor,Poor
Good,Good
Poor,Poor
Moderate,Moderate
Good,Good
Good,Good
Good,Good
Good,Good
Moderate,Moderate
Good,Good
Good,Good
Good,Good
Good,Good
Good,Good
Good,Good
Good,Good
Good,Good
Good,Good
Good,Good
Good,Good
Good,Good
Good,Good
Good,Good
Poor,Poor
Good,Good
Good,Good
Good,Good
Good,Good
Good,Good
Poor,Poor
Moderate,Good
Good,Good
Poor,Poor
Good,Good
Poor,Poor
Good,Good
Good,Good
Good,Good
Good,Good
Good,Good
Good,Good
Good,Good
Good,Good
Good,Good
Good,Good
Good,Good
Good,Good
Good,Good
Good,Good
Good,Good
Good,Good
Poor,Poor
Good,Good
Poor,Poor
Good,Good
Good,Good
Good,Good
Poor,Poor
Good,Good
Good,Good
Good,Good
Good,Good
Good,Good
Good,Good
Moderate,Good
Moderate,Moderate
Good,Good
Good,Good
Good,Good
Poor,Poor
Good,Good
Good,Good
Good,Good
Good,Good
Good,Good
Good,Good
Good,Good
Good,Good
Poor,Poor
Good,Good
Good,Good
Good,Good
Good,Good
Poor,Moderate
Good,Good
Good,Good
Good,Good
Good,Good
Good,Good
Good,Good
Poor,Poor
Good,Good
Good,Good
Good,Good
Good,Good
Moderate,Poor
Moderate,Good
Good,Good
Good,Good
Poor,Poor
Good,Good
Good,Good
Good,Good
Good,Good
Poor,Poor
Good,Good
Good,Good
Good,Good
Good,Good
Good,Good
Good,Good
Poor,Poor
Poor,Moderate
Good,Good
Good,Good
Good,Good
Good,Good
Good,Good
Poor,Poor
Good,Good
Good,Good
Good,Good
Moderate,Moderate
Good,Good
Good,Good
Good,Good
Good,Good
Good,Good
Good,Good
Good,Good
Good,Good
Moderate,Good
Good,Good
Good,Good
Poor,Poor
Good,Good
Good,Good
Good,Good
Good,Good
Good,Good
Good,Good
Good,Good
Good,Good
Good,Good
Good,Good
Good,Good
Good,Good
Good,Good
Good,Good
Good,Good
Good,Good
Good,Good
Good,Good
Good,Good
Poor,Poor
Good,Good
Good,Good
Good,Good
Good,Good
Good,Good
Poor,Poor
Good,Good
Good,Good
Good,Good
Poor,Poor
Poor,Good
Good,Good
Good,Good
Good,Good
Good,Good
Good,Good
Good,Good
Good,Good
Good,Good
Good,Good
Good,Good
Good,Good
Good,Good
Good,Good
Good,Good
Poor,Moderate
Good,Good
Good,Good
Good,Good
Good,Good
Poor,Poor
Good,Good
Moderate,Good
Good,Good
Good,Good
Good,Good
Good,Good
Poor,Poor
Good,Good
Poor,Poor
Good,Good
Good,Good
Good,Good
Good,Good
Poor,Poor
Good,Good
Good,Good
Good,Good
Good,Good
Poor,Poor
Good,Good
Poor,Poor
Good,Good
Good,Good
Good,Good
Good,Good
Poor,Poor
Good,Good
Good,Good
Poor,Good
Good,Good
Good,Good
Good,Good
Good,Good
Good,Good
Poor,Poor
Good,Good
Good,Good
Good,Good
Good,Good
Good,Good
Good,Good
Poor,Poor
Good,Good
Good,Good
Moderate,Moderate
Good,Good
Good,Good
Good,Good
Good,Good
Good,Good
Good,Good
Good,Good
Good,Good
Moderate,Moderate
Good,Good
Good,Good
Good,Good
Good,Good
Good,Good
Good,Good
Good,Good
Good,Good
Good,Good
Good,Good
Good,Good
Good,Good
Good,Good
Good,Good
Moderate,Good
Good,Good
Good,Good
Good,Good
Poor,Poor
Good,Good
Good,Good
Good,Good
Good,Good
Good,Good
Good,Good
Poor,Good
Good,Good
Good,Good
Good,Good
Poor,Poor
Good,Good
Good,Good
Good,Good
Poor,Poor
Good,Good
Good,Good
Good,Good
Good,Good
Good,Good
Good,Good
Good,Good
Moderate,Moderate
Good,Good
Good,Good
Good,Good
Good,Good
Good,Good
Poor,Poor
Good,Good
Good,Good
Good,Good
Poor,Poor
Poor,Poor
Good,Good
Good,Good
Good,Good
Good,Good
Good,Good
Good,Good
Good,Good
Good,Good
Good,Good
Moderate,Good
Good,Good
Good,Good
Good,Good
Good,Good
Good,Good
Good,Good
Good,Good
Good,Good
Poor,Poor
Good,Good
Good,Good
Good,Good
Good,Good
Good,Good
Poor,Poor
Good,Good
Good,Good
Good,Good
Good,Good
Good,Good
Good,Good
Poor,Poor
Good,Good
Good,Good
Good,Good
Good,Good
Good,Good
Good,Good
Poor,Poor
Good,Good
Good,Good
Good,Good
Good,Good
Moderate,Good
Poor,Poor
Good,Good
Poor,Good
Good,Good
Good,Good
Good,Good
Good,Good
Good,Good
Good,Good
Good,Good
Good,Good
Good,Good
Moderate,Good
Moderate,Good
Good,Good
Good,Good
Moderate,Good
Good,Good
Good,Good
Moderate,Good
Good,Good
Good,Good
Good,Good
Good,Good
Good,Good
Poor,Poor
Good,Good
Good,Good
Good,Good
Good,Good
Good,Good
Good,Good
Good,Good
Good,Good
Good,Good
Good,Good
Poor,Poor
Poor,Poor
Good,Good
Good,Good
Good,Good
Good,Good
Good,Good
Good,Good
Good,Good
Good,Good
Good,Good
Poor,Good
Poor,Good
Good,Good
Good,Good
Good,Good
Good,Good
Good,Good
Good,Good
Moderate,Poor
Good,Good
Good,Good
Moderate,Good
Good,Good
Good,Good
Good,Good
Good,Good
Good,Good
Good,Good
Good,Good
Good,Good
Good,Good
Poor,Poor
Good,Good
Good,Good
Good,Good
Poor,Poor
Good,Good
Good,Good
Good,Good
Good,Good
Good,Good
Good,Good
Good,Good
Good,Good
Good,Good
Good,Good
Good,Good
Good,Good
Good,Good
Good,Good
Good,Good
Good,Good
Good,Good
Good,Good
Good,Good
Good,Good
Good,Good
Good,Good
Good,Good
Good,Good
Good,Good
Good,Good
Poor,Poor
Good,Good
Good,Good
Good,Good
Good,Good
Poor,Poor
Good,Good
Good,Good
Good,Good
Good,Good
Good,Good
Good,Good
Poor,Poor
Good,Good
Good,Good
Good,Good
Good,Good
Moderate,Good
Good,Good
Good,Good
Good,Good
Good,Good
Good,Good
Moderate,Good
Good,Good
Good,Good
Good,Good
Good,Good
Good,Good
Good,Good
Good,Good
Poor,Good
Good,Good
Good,Good
Good,Good
Good,Good
Good,Good
Good,Good
Good,Good
Good,Good
Good,Good
Poor,Poor
Good,Good
Poor,Poor
Good,Good
Good,Good
Good,Good
Poor,Poor
Good,Good
Good,Good
Good,Good
Poor,Poor
Good,Good
Good,Good
Good,Good
Good,Good
Moderate,Moderate
Poor,Good
Good,Good
Good,Good
Good,Good
Good,Good
Moderate,Good
Good,Good
Good,Good
Good,Good
Good,Good
Good,Good
Good,Good
Good,Good
Good,Good
Good,Good
Good,Good
Moderate,Good
Moderate,Good
Poor,Poor
Good,Good
Poor,Poor
Good,Good
Good,Good
Good,Good
Good,Good
Good,Good
Good,Good
Poor,Poor
Good,Good
Good,Good
Good,Good
Good,Good
Poor,Poor
Good,Good
Good,Good
Good,Good
Poor,Poor
Good,Good
Good,Good
Good,Good
Poor,Poor
Good,Good
Good,Good
Poor,Poor
Good,Good
Poor,Poor
Poor,Poor
Good,Good
Good,Good
Good,Good
Moderate,Good
Good,Good
Poor,Poor
Good,Good
Good,Good
Good,Good
Good,Good
Good,Good
Poor,Poor
Poor,Poor
Good,Good
Good,Good
Poor,Poor
Good,Good
Good,Good
Good,Good
Good,Good
Good,Good
Good,Good
Poor,Poor
Poor,Poor
Poor,Poor
Good,Good
Moderate,Moderate
Moderate,Good
Good,Good
Moderate,Good
Good,Good
Good,Good
Good,Good
Good,Good
Poor,Poor
Good,Good
Good,Good
Good,Good
Poor,Poor
Good,Good
Good,Good
Good,Good
Good,Good
Moderate,Moderate
Good,Good
Good,Good
Poor,Poor
Good,Good
Poor,Poor
Poor,Poor
Good,Good
Good,Good
Good,Good
Good,Good
Good,Good
Good,Good
Good,Good
Good,Good
Good,Good
Good,Good
Good,Good
Good,Good
Good,Good
Good,Good
Good,Good
Poor,Poor
Poor,Poor
Good,Good
Good,Good
Moderate,Good
Good,Good
Good,Good
Good,Good
Good,Good
Good,Good
Good,Good
Good,Good
Good,Good
Poor,Poor
Good,Good
Good,Good
Good,Good
Good,Good
Good,Good
Good,Good
Good,Good
Moderate,Good
Good,Good
Good,Good
Good,Good
Good,Good
Moderate,Moderate
Good,Good
Good,Good
Good,Good
Good,Good
Good,Good
Good,Good
Good,Good
Good,Good
Good,Good
Good,Good
Good,Good
Good,Good
Good,Good
Poor,Poor
Good,Good
Poor,Poor
Moderate,Good
Good,Good
Good,Good
Good,Good
Good,Good
Good,Good
Good,Good
Good,Good
Poor,Poor
Poor,Poor
Good,Good
Good,Good
Good,Good
Good,Good
Poor,Poor
Good,Good
Poor,Moderate
Good,Good
Good,Good
Good,Good
Good,Good
Good,Good
Good,Good
Good,Good
Poor,Poor
Poor,Poor
Good,Good
Good,Good
Good,Good
Good,Good
Good,Good
Good,Good
Good,Good
Poor,Poor
Good,Good
Good,Good
Good,Good
Good,Good
Good,Good
Good,Good
Moderate,Poor
Good,Good
Good,Good
Good,Good
Good,Good
Good,Good
Good,Good
Good,Good
Good,Good
Good,Good
Good,Good
Good,Good
Good,Good
Good,Good
Good,Good
Good,Good
Good,Good
Moderate,Moderate
Good,Good
Good,Good
Good,Good
Poor,Poor
Good,Good
Moderate,Good
Good,Good
Good,Good
Poor,Poor
Poor,Poor
Good,Good
Good,Good
Good,Good
Good,Good
Good,Good
Good,Good
Good,Good
Poor,Poor
Good,Good
Moderate,Good
Moderate,Good
Poor,Poor
Good,Good
Good,Good
Good,Good
Good,Good
Good,Good
Good,Good
Good,Good
Good,Good
Good,Good
Good,Good
Good,Good
Good,Good
Good,Good
Good,Good
Good,Good
Good,Good
Good,Good
Good,Good
Good,Good
Good,Good
Good,Good
Good,Good
Good,Good
Poor,Poor
Poor,Poor
Good,Good
Good,Good
Good,Good
Good,Good
Good,Good
Good,Good
Good,Good
Poor,Poor
Moderate,Good
Good,Good
Good,Good
Good,Good
Poor,Poor
Good,Good
Poor,Poor
Good,Good
Good,Good
Good,Good
Poor,Poor
Good,Good
Moderate,Good
Poor,Poor
Good,Good
Good,Good
Good,Good
Good,Good
Good,Good
Good,Good
Good,Good
Poor,Poor
Good,Good
Poor,Poor
Good,Good
Good,Good
Good,Good
Poor,Poor
Good,Good
Moderate,Good
Good,Good
Good,Good
Poor,Poor
Good,Good
Good,Good
Poor,Poor
Good,Good
Good,Good
Good,Good
Good,Good
Good,Good
Good,Good
Good,Good
Good,Good
Good,Good
Good,Good
Poor,Moderate
Poor,Poor
Good,Good
Good,Good
Good,Good
Good,Good
Good,Good
Good,Good
Good,Good
Moderate,Good
Good,Good
Good,Good
Good,Good
Good,Good
Good,Good
Moderate,Moderate
Good,Good
Good,Good
Good,Good
Good,Good
Good,Good
Good,Good
Good,Good
Poor,Poor
Good,Good
Good,Good
Good,Good
Good,Good
Poor,Poor
Good,Good
Good,Good
Good,Good
Good,Good
Poor,Poor
Good,Good
Poor,Poor
Good,Good
Good,Good
Good,Good
Good,Good
Good,Good
Good,Good
Good,Good
Good,Good
Good,Good
Moderate,Good
Good,Good
Good,Good
Poor,Poor
Good,Good
Good,Good
Good,Good
Good,Good
Moderate,Good
Good,Good
Good,Good
Good,Good
Poor,Poor
Good,Good
Poor,Poor
Good,Good
Moderate,Good
Moderate,Good
Good,Good
Good,Good
Good,Good
Good,Good
Good,Good
Good,Good
Poor,Poor
Good,Good
Good,Good
Good,Good
Good,Good
Good,Good
Good,Good
Good,Good
Good,Good
Good,Good
Good,Good
Good,Good
Good,Good
Good,Good
Good,Good
Good,Good
Good,Good
Good,Good
Good,Good
Good,Good
Moderate,Good
Good,Good
Poor,Poor
Good,Good
Good,Good
Good,Good
Good,Good
Poor,Poor
Good,Good
Good,Good
Good,Good
Good,Good
Good,Good
Good,Good
Poor,Poor
Good,Good
Good,Good
Poor,Moderate
Good,Good
Moderate,Poor
Good,Good
Good,Good
Good,Good
Moderate,Poor
Good,Good
Good,Good
Good,Good
Poor,Poor
Good,Good
Moderate,Moderate
Good,Good
Good,Good
Good,Good
Poor,Poor
Good,Good
Good,Good
Good,Good
Poor,Poor
Good,Good
Good,Good
Good,Good
Good,Good
Good,Good
Good,Good
Good,Good
Poor,Poor
Good,Good
Good,Good
Moderate,Poor
Good,Good
Good,Good
Good,Good
Good,Good
Good,Good
Poor,Poor
Good,Good
Good,Good
Good,Good
Good,Good
Good,Good
Good,Good
Good,Good
Good,Good
Poor,Poor
Good,Good
Good,Good
Good,Good
Good,Good
Good,Good
Good,Good
Good,Good
Poor,Poor
Good,Good
Good,Good
Good,Good
Good,Good
Good,Good
Moderate,Poor
Good,Good
Good,Good
Good,Good
Poor,Good
Good,Good
Good,Good
Good,Good
Poor,Poor
Good,Good
Good,Good
Good,Good
Good,Good
Good,Good
Good,Good
Good,Good
Good,Good
Good,Good
Good,Good
Good,Good
Good,Good
Good,Good
Good,Good
Good,Good
Good,Good
Good,Good
Good,Good
Good,Good
Good,Good
Good,Good
Good,Good
Good,Good
Good,Good
Good,Good
Good,Good
Good,Good
Good,Good
Good,Good
Moderate,Good
Good,Good
Good,Good
Good,Good
Good,Good
Good,Good
Good,Good
Good,Good
Poor,Poor
Good,Good
Good,Good
Good,Good
Poor,Poor
Good,Good
Good,Good
Poor,Poor
Good,Good
Good,Good
Poor,Poor
Moderate,Poor
Good,Good
Good,Good
Poor,Poor
Poor,Moderate
Good,Good
Good,Good
Good,Good
Good,Good
Poor,Poor
Good,Good
Good,Good
Good,Good
Good,Moderate
Good,Good
Good,Good
Good,Good
Good,Good
Good,Good
Good,Good
Good,Good
Good,Good
Good,Good
Poor,Poor
Good,Good
Moderate,Moderate
Good,Good
Good,Good
Good,Good
Good,Good
Good,Good
Good,Good
Good,Good
Good,Good
Good,Good
Poor,Poor
Good,Good
Poor,Poor
Poor,Poor
Good,Good
Good,Good
Good,Good
Poor,Good
Good,Good
Good,Good
Poor,Poor
Good,Good
Poor,Poor
Good,Good
Poor,Poor
Good,Good
Good,Good
Good,Good
Good,Good
Good,Good
Good,Good
Good,Good
Good,Good
Good,Good
Good,Good
Poor,Poor
Good,Good
Good,Good
Good,Good
Good,Good
Good,Good
Good,Good
Good,Good
Good,Good
Good,Good
Good,Poor
Good,Good
Good,Good
Good,Good
Poor,Poor
Good,Good
Good,Good
Good,Good
Good,Good
Poor,Poor
Poor,Poor
Good,Good
Good,Good
Good,Good
Good,Good
Good,Good
Good,Good
Good,Good
Good,Moderate
Good,Good
Good,Good
Good,Good
Good,Good
Good,Good
Good,Good
Poor,Poor
Moderate,Good
Good,Good
Good,Good
Moderate,Moderate
Good,Good
Good,Good
Good,Good
Poor,Poor
Good,Good
Poor,Poor
Good,Good
Poor,Poor
Good,Good
Good,Good
Good,Good
Poor,Poor
Poor,Poor
Moderate,Good
Good,Good
Good,Good
Good,Good
Poor,Poor
Good,Good
Good,Good
Good,Good
Good,Good
Good,Good
Poor,Poor
Good,Good
Good,Good
Good,Good
Good,Good
Good,Good
Good,Good
Good,Good
Good,Good
Good,Good
Good,Good
Good,Good
Moderate,Good
Good,Good
Poor,Poor
Good,Good
Good,Good
Good,Good
Good,Good
Good,Good
Good,Good
Poor,Poor
Moderate,Good
Good,Good
Good,Good
Good,Good
Good,Good
Good,Good
Poor,Poor
Good,Good
Good,Good
Good,Good
Good,Good
Good,Good
Good,Good
Poor,Poor
Moderate,Good
Good,Good
Good,Good
Poor,Poor
Good,Good
Good,Good
Good,Good
Good,Good
Poor,Poor
Good,Good
Moderate,Moderate
Poor,Poor
Poor,Moderate
Good,Good
Good,Good
Good,Good
Good,Good
Good,Good
Good,Good
Good,Good
Moderate,Good
Good,Good
Good,Good
Good,Good
Good,Good
Good,Good
Good,Good
Moderate,Good
Good,Good
Good,Good
Good,Good
Good,Good
Good,Good
Good,Good
Good,Good
Poor,Poor
Good,Good
Good,Good
Good,Good
Good,Good
Good,Good
Good,Good
Good,Good
Good,Good
Good,Good
Good,Good
Moderate,Good
Good,Good
Poor,Moderate
Poor,Good
Good,Good
Good,Good
Good,Good
Good,Good
Poor,Poor
Poor,Poor
Poor,Moderate
Good,Good
Poor,Poor
Good,Good
Good,Good
Moderate,Good
Good,Good
Good,Good
Moderate,Good
Moderate,Poor
Good,Good
Good,Good
Good,Good
Good,Good
Good,Good
Good,Moderate
Good,Good
Poor,Poor
Poor,Poor
Good,Good
Good,Good
Good,Good
Poor,Moderate
Poor,Poor
Good,Good
Good,Good
Good,Good
Good,Good
Good,Good
Good,Good
Good,Good
Good,Good
Good,Good
Good,Good
Moderate,Good
Moderate,Good
Good,Good
Good,Good
Good,Good
Good,Good
Good,Good
Good,Good
Good,Good
Good,Good
Good,Good
Good,Good
Good,Good
Good,Good
Poor,Moderate
Good,Good
Good,Good
Poor,Poor
Moderate,Good
Good,Good
Good,Good
Good,Good
Poor,Poor
Poor,Good
Good,Good
Good,Good
Good,Good
Good,Good
Good,Good
Poor,Poor
Good,Good
Good,Good
Good,Good
Good,Good
Good,Good
Good,Good
Good,Good
Good,Good
Good,Good
Poor,Moderate
Good,Good
Good,Good
Good,Good
Good,Good
Moderate,Good
Good,Good
Moderate,Moderate
Good,Good
Good,Good
Good,Good
Good,Good
Good,Good
Good,Good
Good,Good
Good,Good
Poor,Poor
Good,Good
Good,Good
Good,Good
Poor,Poor
Good,Good
Good,Good
Good,Good
Good,Good
Good,Good
Good,Good
Good,Good
Good,Good
Good,Good
Good,Good
Good,Good
Good,Good
Good,Good
Good,Good
Good,Good
Poor,Poor
Good,Good
Good,Good
Poor,Poor
Poor,Poor
Good,Good
Good,Good
Poor,Poor
Good,Good
Good,Good
Moderate,Good
Good,Good
Good,Good
Good,Good
Good,Good
Good,Good
Poor,Poor
Good,Good
Poor,Poor
Good,Good
Good,Good
Good,Good
Good,Good
Good,Good
Good,Good
Poor,Poor
Good,Good
Good,Good
Good,Good
Good,Good
Good,Good
Good,Good
Good,Good
Good,Good
Moderate,Good
Good,Good
Good,Good
Good,Good
Good,Good
Good,Good
Good,Good
Good,Good
Good,Good
Poor,Poor
Poor,Poor
Good,Good
Good,Good
Good,Good
Poor,Poor
Good,Good
Good,Good
Good,Good
Poor,Poor
Good,Good
Good,Good
Good,Good
Good,Good
Good,Good
Good,Good
Good,Good
Good,Good
Good,Good
Good,Good
Good,Good
Poor,Poor
Good,Good
Poor,Poor
Moderate,Poor
Good,Good
Good,Good
Good,Good
Good,Good
Good,Good
Good,Good
Good,Good
Good,Good
Good,Good
Good,Good
Good,Good
Good,Good
Good,Good
Good,Good
Poor,Poor
Good,Good
Good,Good
Good,Good
Good,Good
Good,Good
Good,Good
Good,Good
Good,Good
Good,Good
Good,Good
Good,Good
Good,Good
Moderate,Good
Good,Good
Poor,Poor
Poor,Poor
Good,Good
Good,Good
Good,Good
Good,Good
Good,Good
Good,Good
Good,Good
Good,Good
Good,Good
Good,Good
Good,Good
Good,Good
Good,Good
Moderate,Good
Good,Good
Good,Good
Good,Good
Good,Good
Good,Good
Good,Good
Good,Good
Poor,Poor
Good,Good
Good,Good
Poor,Good
Good,Good
Good,Good
Good,Good
Good,Good
Good,Good
Good,Good
Poor,Poor
Good,Good
Poor,Poor
Good,Good
Poor,Poor
Good,Good
Good,Good
Good,Good
Good,Good
Good,Good
Good,Good
Good,Good
Poor,Poor
Poor,Poor
Good,Good
Good,Good
Good,Good
Good,Good
Good,Good
Good,Good
Good,Good
Good,Good
Good,Good
Poor,Poor
Good,Good
Good,Good
Good,Good
Moderate,Good
Good,Good
Good,Good
Good,Good
Good,Good
Good,Good
Poor,Poor
Moderate,Moderate
Good,Good
Good,Good
Good,Good
Good,Good
Good,Good
Good,Good
Good,Good
Good,Good
Good,Good
Good,Good
Good,Good
Good,Good
Good,Good
Good,Good
Good,Good
Poor,Poor
Good,Good
Good,Good
Good,Good
Good,Good
Good,Good
Poor,Poor
Good,Good
Good,Good
Moderate,Good
Poor,Poor
Good,Good
Good,Good
Good,Good
Good,Good
Good,Good
Poor,Good
Good,Good
Good,Good
Poor,Poor
Good,Good
Good,Good
Good,Good
Good,Poor
Poor,Moderate
Good,Good
Good,Good
Good,Good
Good,Good
Poor,Poor
Moderate,Moderate
Poor,Poor
Poor,Poor
Good,Good
Good,Good
Good,Good
Poor,Poor
Good,Good
Good,Good
Good,Good
Good,Good
Good,Good
Poor,Good
Good,Good
Good,Good
Good,Good
Good,Good
Good,Good
Good,Good
Good,Good
Good,Good
Good,Good
Moderate,Good
Good,Good
Good,Good
Good,Good
Good,Good
Good,Good
Good,Good
Good,Good
Good,Good
Good,Good
Good,Good
Good,Good
Good,Good
Good,Good
Good,Good
Poor,Poor
Good,Good
Poor,Poor
Good,Good
Good,Good
Good,Good
Poor,Poor
Poor,Poor
Good,Good
Good,Good
Good,Good
Good,Good
Good,Good
Moderate,Moderate
Moderate,Moderate
Good,Good
Good,Good
Good,Good
Good,Good
Good,Good
Good,Good
Good,Good
Good,Good
Good,Good
Moderate,Poor
Good,Good
Good,Good
Good,Good
Moderate,Good
Good,Good
Good,Good
Good,Good
Good,Good
Good,Good
Moderate,Good
Poor,Poor
Good,Good
Good,Good
Good,Good
Poor,Moderate
Good,Good
Good,Good
Good,Good
Good,Good
Moderate,Poor
Good,Good
Good,Good
Moderate,Poor
Good,Good
Good,Good
Good,Good
Good,Good
Good,Good
Poor,Poor
Good,Good
Moderate,Good
Good,Good
Good,Good
Poor,Poor
Good,Good
Good,Good
Good,Good
Good,Good
Good,Good
Poor,Poor
Good,Good
Good,Good
Good,Good
Good,Good
Good,Good
Good,Good
Good,Good
Good,Good
Good,Good
Good,Good
Good,Good
Good,Good
Poor,Poor
Good,Good
Good,Good
Good,Good
Good,Good
Good,Good
Good,Good
Good,Good
Good,Good
Good,Good
Poor,Poor
Poor,Good
Good,Good
Good,Good
Poor,Poor
Good,Good
Poor,Poor
Poor,Poor
Moderate,Good
Good,Good
Good,Good
Good,Poor
Good,Good
Good,Good
Good,Good
Poor,Poor
Good,Good
Poor,Poor
Good,Good
Good,Good
Good,Good
Good,Good
Good,Moderate
Good,Good
Good,Good
Good,Good
Good,Good
Good,Good
Good,Good
Poor,Poor
Poor,Moderate
Good,Good
Poor,Poor
Poor,Poor
Good,Good
Good,Good
Good,Good
Good,Good
Good,Good
Poor,Poor
Good,Good
Good,Good
Moderate,Good
Good,Good
Good,Good
Good,Good
Good,Good
Poor,Poor
Good,Good
Poor,Good
Poor,Good
Good,Good
Good,Good
Good,Good
Poor,Poor
Good,Good
Good,Good
Good,Good
Good,Good
Good,Good
Good,Good
Good,Good
Poor,Good
Good,Good
Good,Good
Good,Good
Good,Good
Good,Good
Good,Good
Good,Good
Good,Good
Good,Good
Poor,Poor
Good,Good
Good,Good
Good,Good
Good,Good
Poor,Poor
Good,Good
Good,Good
Moderate,Moderate
Good,Good
Good,Good
Good,Good
Good,Good
Good,Good
Good,Good
Good,Good
Good,Good
Good,Good
Poor,Poor
Good,Good
Good,Good
Good,Moderate
Moderate,Good
Good,Good
Good,Good
Good,Good
Poor,Good
Good,Good
Good,Good
Good,Good
Good,Good
Moderate,Moderate
Good,Good
Good,Good
Good,Good
Good,Good
Moderate,Moderate
Good,Good
Good,Good
Good,Good
Good,Good
Poor,Poor
Good,Good
Good,Good
Good,Good
Good,Good
Good,Good
Poor,Poor
Good,Good
Good,Good
Poor,Poor
Good,Good
Good,Good
Good,Good
Poor,Poor
Good,Good
Good,Good
Poor,Poor
Moderate,Moderate
Good,Good
Good,Good
Poor,Good
Good,Good
Good,Good
Good,Good
Good,Good
Moderate,Good
Good,Good
Good,Good
Good,Good
Poor,Poor
Good,Good
Good,Good
Good,Good
Good,Good
Good,Good
Good,Good
Good,Good
Good,Good
Good,Good
Good,Good
Moderate,Good
Moderate,Moderate
Good,Good
Good,Good
Good,Good
Good,Good
Good,Good
Good,Good
Poor,Poor
Good,Good
Good,Good
Good,Good
Good,Good
Good,Good
Poor,Poor
Good,Good
Good,Good
Good,Good
Good,Good
Good,Good
Good,Good
Good,Good
Good,Good
Poor,Poor
Good,Good
Good,Good
Poor,Poor
Good,Good
Good,Good
Good,Good
Good,Good
Good,Good
Good,Good
Good,Good
Good,Good
Good,Good
Good,Good
Poor,Poor
Good,Good
Good,Good
Good,Good
Good,Good
Poor,Moderate
Poor,Poor
Good,Good
Good,Good
Good,Good
Good,Good
Good,Good
Moderate,Moderate
Good,Good
Good,Good
Good,Good
Good,Good
Good,Good
Good,Good
Poor,Good
Poor,Poor
Good,Good
Good,Good
Good,Good
Good,Good
Good,Good
Good,Good
Good,Good
Good,Good
Poor,Poor
Poor,Poor
Good,Good
Good,Good
Good,Good
Good,Good
Good,Good
Good,Good
Good,Good
Good,Good
Poor,Poor
Good,Good
Moderate,Moderate
Poor,Poor
Good,Good
Good,Good
Moderate,Good
Good,Good
Poor,Poor
Poor,Poor
Good,Good
Good,Good
Good,Good
Good,Good
Poor,Poor
Good,Good
Good,Good
Good,Good
Good,Good
Good,Good
Good,Good
Good,Good
Good,Good
Good,Good
Good,Good
Good,Good
Good,Good
Good,Good
Poor,Poor
Good,Good
Good,Good
Good,Good
Good,Good
Good,Good
Good,Good
Good,Good
Good,Good
Good,Good
Good,Good
Good,Good
Good,Good
Good,Good
Good,Good
Good,Good
Good,Good
Good,Good
Good,Good
Good,Good
Good,Good
Good,Good
Good,Good
Good,Good
Good,Good
Moderate,Good
Good,Good
Poor,Poor
Good,Good
Good,Good
Good,Good
Good,Good
Good,Good
Good,Good
Good,Good
Good,Good
Poor,Poor
Good,Good
Good,Good
Good,Good
Moderate,Moderate
Good,Good
Poor,Poor
Poor,Poor
Poor,Poor
Good,Good
Good,Good
Poor,Poor
Good,Good
Good,Good
Good,Good
Good,Good
Good,Moderate
Good,Good
Poor,Good
Good,Good
Good,Good
Good,Good
Poor,Poor
Good,Good
Good,Good
Good,Good
Good,Good
Good,Good
Good,Good
Good,Good
Good,Good
Good,Good
Good,Good
Good,Good
Good,Good
Poor,Good
Moderate,Moderate
Good,Good
Good,Good
Good,Good
Good,Good
Good,Good
Good,Good
Good,Good
Poor,Poor
Good,Good
Good,Good
Good,Good
Good,Good
Good,Good
Good,Good
Good,Moderate
Good,Good
Good,Good
Good,Good
Good,Good
Good,Good
Moderate,Poor
Good,Good
Good,Good
Good,Good
Good,Good
Good,Good
Good,Good
Good,Good
Good,Good
Poor,Poor
Good,Good
Good,Good
Good,Good
Good,Good
Good,Good
Good,Good
Good,Good
Good,Good
Good,Good
Good,Good
Good,Good
Good,Good
Moderate,Good
Good,Good
Good,Good
Good,Good
Good,Good
Poor,Poor
Good,Good
Good,Good
Moderate,Good
Good,Good
Good,Good
Moderate,Good
Good,Good
Good,Good
Good,Good
Good,Good
Good,Good
Poor,Poor
Good,Good
Good,Good
Good,Good
Poor,Poor
Moderate,Good
Good,Good
Poor,Poor
Good,Moderate
Good,Good
Good,Good
Good,Good
Poor,Poor
Good,Good
Good,Good
Poor,Poor
Good,Good
Good,Good
Good,Good
Good,Good
Good,Good
Good,Good
Poor,Poor
Good,Good
Good,Good
Good,Good
Good,Good
Good,Good
Good,Good
Good,Good
Poor,Moderate
Good,Good
Poor,Poor
Good,Good
Good,Good
Good,Good
Good,Good
Good,Good
Good,Good
Poor,Poor
Moderate,Good
Poor,Poor
Good,Good
Good,Good
Good,Good
Good,Good
Good,Good
Good,Good
Good,Good
Moderate,Moderate
Good,Good
Good,Good
Good,Good
Poor,Poor
Good,Good
Good,Good
Good,Good
Good,Good
Good,Good
Good,Good
Good,Good
Good,Good
Good,Good
Good,Good
Poor,Poor
Good,Good
Poor,Poor
Good,Good
Good,Good
Poor,Poor
Good,Good
Poor,Poor
Good,Good
Good,Good
Poor,Good
Good,Good
Good,Good
Poor,Poor
Good,Good
Good,Good
Good,Good
Good,Good
Good,Good
Good,Good
Good,Good
Good,Good
Good,Good
Poor,Poor
Good,Good
Poor,Poor
Good,Good
Poor,Poor
Good,Good
Good,Good
Good,Good
Good,Good
Good,Good
Good,Good
Poor,Poor
Good,Good
Good,Good
Good,Good
Poor,Poor
Poor,Poor
Good,Good
Good,Good
Good,Good
Poor,Poor
Good,Good
Good,Good
Good,Good
Good,Good
Good,Good
Good,Good
Good,Good
Good,Good
Good,Good
Good,Good
Good,Good
Poor,Poor
Good,Good
Good,Good
Good,Good
Good,Good
Good,Good
Good,Good
Poor,Poor
Good,Good
Moderate,Good
Good,Good
Good,Good
Good,Good
Good,Good
Good,Good
Moderate,Good
Good,Good
Good,Good
Good,Good
Poor,Good
Good,Good
Good,Good
Good,Good
Good,Good
Good,Good
Good,Good
Good,Good
Good,Good
Good,Good
Good,Good
Good,Good
Good,Good
Good,Good
Good,Good
Good,Good
Good,Good
Good,Good
Good,Good
Moderate,Moderate
Good,Good
Good,Good
Good,Good
Moderate,Good
Good,Good
Good,Good
Good,Good
Good,Good
Good,Good
Good,Good
Poor,Poor
Moderate,Moderate
Good,Good
Good,Good
Good,Good
Good,Good
Good,Good
Good,Good
Good,Good
Good,Good
Good,Good
Poor,Poor
Good,Good
Good,Good
Moderate,Good
Good,Good
Good,Good
Good,Good
Good,Good
Good,Good
Good,Good
Good,Good
Good,Good
Good,Good
Good,Good
Good,Good
Good,Good
Good,Good
Good,Good
Good,Good
Good,Good
Good,Good
Good,Good
Good,Good
Poor,Poor
Good,Good
Moderate,Moderate
Good,Good
Good,Good
Good,Good
Good,Good
Good,Good
Moderate,Moderate
Moderate,Good
Good,Good
Good,Good
Poor,Poor
Good,Good
Good,Good
Good,Good
Good,Good
Good,Good
Good,Good
Good,Good
Good,Good
Good,Good
Good,Good
Good,Good
Good,Good
Moderate,Poor
Good,Good
Moderate,Moderate
Good,Good
Good,Good
Good,Good
Good,Good
Good,Good
Good,Good
Good,Good
Good,Good
Good,Good
Good,Good
Poor,Poor
Good,Good
Poor,Poor
Good,Good
Good,Good
Good,Good
Moderate,Good
Good,Good
Good,Good
Good,Good
Good,Good
Moderate,Moderate
Good,Good
Good,Good
Good,Good
Good,Good
Good,Good
Good,Good
Good,Good
Good,Good
Good,Good
Good,Good
Good,Good
Good,Good
Good,Good
Moderate,Moderate
Good,Good
Good,Good
Poor,Moderate
Good,Good
Good,Good
Poor,Poor
Good,Good
Good,Good
Good,Good
Good,Good
Moderate,Poor
Good,Good
Good,Good
Good,Good
Poor,Poor
Good,Good
Good,Good
Good,Good
Good,Good
Good,Good
Poor,Poor
Poor,Poor
Good,Good
Good,Good
Good,Good
Good,Good
Good,Good
Good,Good
Good,Good
Good,Good
Good,Good
Poor,Poor
Good,Good
Good,Good
Good,Good
Good,Good
Good,Good
Good,Good
Good,Good
Good,Good
Good,Good
Good,Good
Good,Good
Good,Good
Good,Good
Good,Good
Good,Good
Poor,Poor
Poor,Poor
Good,Good
Good,Good
Good,Good
Good,Good
Good,Good
Poor,Poor
Poor,Poor
Good,Good
Poor,Poor
Good,Good
Moderate,Good
Good,Good
Good,Good
Good,Good
Poor,Poor
Good,Good
Good,Good
Good,Good
Good,Good
Good,Good
Good,Good
Good,Good
Good,Good
Good,Good
Poor,Poor
Good,Good
Poor,Poor
Good,Good
Good,Good
Good,Good
Good,Good
Good,Good
Good,Good
Good,Good
Good,Good
Good,Good
Good,Good
Good,Good
Good,Good
Poor,Poor
Poor,Poor
Good,Good
Good,Good
Good,Good
Good,Good
Good,Good
Good,Good
Poor,Poor
Good,Good
Good,Moderate
Good,Good
Poor,Poor
Good,Good
Good,Good
Good,Good
Good,Good
Good,Good
Good,Good
Good,Good
Poor,Poor
Good,Good
Good,Good
Good,Good
Poor,Poor
Good,Good
Good,Good
Moderate,Good
Good,Good
Moderate,Good
Good,Good
Good,Good
Good,Good
Good,Good
Good,Good
Good,Good
Poor,Poor
Good,Good
Good,Good
Good,Good
Good,Good
Good,Good
Good,Good
Good,Good
Moderate,Good
Good,Good
Good,Good
Good,Good
Good,Good
Good,Good
Good,Good
Good,Good
Good,Good
Good,Good
Good,Good
Good,Good
Good,Good
Good,Good
Good,Good
Good,Good
Good,Good
Good,Good
Good,Good
Good,Good
Good,Good
Good,Good
Moderate,Good
Good,Good
Moderate,Moderate
Moderate,Good
Good,Good
Good,Good
Poor,Poor
Poor,Poor
Good,Good
Good,Good
Good,Good
Good,Good
Poor,Poor
Good,Good
Good,Good
Poor,Poor
Good,Good
Good,Good
Good,Good
Moderate,Good
Good,Good
Good,Good
Good,Good
Good,Good
Moderate,Good
Good,Good
Poor,Poor
Good,Good
Moderate,Good
Good,Good
Good,Good
Good,Good
Good,Good
Good,Good
Good,Good
Poor,Good
Good,Good
Poor,Poor
Poor,Poor
Good,Good
Poor,Poor
Poor,Poor
Good,Good
Good,Good
Good,Good
Good,Good
Good,Good
Good,Good
Good,Good
Good,Good
Good,Good
Good,Good
Good,Good
Good,Good
Good,Good
Good,Good
Good,Good
Good,Good
Good,Good
Good,Good
Good,Good
Good,Good
Good,Good
Poor,Poor
Good,Good
Good,Good
Good,Good
Good,Good
Good,Good
Good,Good
Good,Good
Good,Good
Good,Good
Good,Good
Good,Good
Good,Good
Good,Good
Good,Good
Good,Good
Good,Good
Good,Good
Good,Good
Good,Good
Good,Good
Good,Good
Good,Good
Good,Good
Good,Good
Good,Good
Good,Good
Good,Good
Good,Good
Good,Good
Good,Good
Good,Good
Good,Good
Moderate,Good
Good,Good
Good,Good
Good,Good
Good,Good
Good,Good
Good,Good
Good,Good
Good,Good
Good,Good
Good,Good
Good,Good
Good,Good
Good,Good
Good,Good
Good,Good
Poor,Poor
Good,Good
Good,Good
Good,Good
Good,Good
Good,Good
Good,Good
Good,Good
Good,Good
Good,Good
Good,Moderate
Poor,Poor
Good,Good
Good,Good
Poor,Poor
Good,Good
Good,Good
Poor,Good
Moderate,Moderate
Good,Good
Good,Good
Good,Good
Good,Good
Poor,Poor
Good,Good
Poor,Poor
Good,Good
Good,Good
Good,Good
Good,Good
Good,Good
Good,Good
Good,Good
Good,Good
Poor,Poor
Good,Good
Good,Good
Poor,Moderate
Good,Good
Good,Good
Good,Good
Good,Good
Good,Good
Good,Good
Good,Good
Poor,Poor
Good,Good
Good,Good
Good,Good
Good,Good
Good,Good
Moderate,Good
Poor,Poor
Good,Good
Good,Good
Good,Good
Good,Good
Good,Good
Good,Good
Good,Good
Good,Good
Good,Good
Good,Good
Good,Good
Good,Good
Good,Good
Good,Good
Poor,Good
Good,Good
Good,Good
Good,Good
Good,Good
Poor,Poor
Good,Good
Poor,Poor
Good,Good
Good,Good
Good,Good
Good,Good
Good,Good
Good,Good
Good,Good
Good,Good
Good,Good
Poor,Moderate
Poor,Poor
Good,Good
Good,Good
Poor,Poor
Good,Good
Poor,Poor
Good,Good
Good,Good
Poor,Poor
Good,Good
Good,Good
Good,Good
Good,Good
Good,Good
Good,Good
Good,Good
Good,Good
Good,Good
Good,Good
Good,Good
Good,Good
Good,Good
Poor,Poor
Good,Good
Good,Good
Good,Good
Good,Good
Good,Good
Moderate,Poor
Good,Good
Good,Good
Good,Good
Good,Good
Good,Good
Poor,Poor
Good,Good
Good,Good
Good,Good
Good,Good
Good,Good
Good,Good
Good,Good
Good,Good
Good,Good
Good,Good
Good,Good
Poor,Moderate
Good,Good
Good,Good
Good,Good
Good,Good
Good,Good
Good,Good
Poor,Moderate
Good,Good
Good,Good
Poor,Poor
Good,Good
Good,Good
Moderate,Good
Good,Good
Poor,Poor
Good,Good
Good,Good
Good,Good
Moderate,Good
Moderate,Moderate
Good,Good
Good,Good
Poor,Good
Good,Good
Good,Good
Good,Good
Good,Good
Poor,Poor
Poor,Poor
Good,Good
Moderate,Good
Moderate,Poor
Poor,Good
Good,Good
Good,Good
Good,Good
Poor,Good
Good,Good
Good,Good
Moderate,Good
Good,Good
Good,Good
Good,Good
Poor,Poor
Poor,Poor
Good,Good
Good,Good
Good,Good
Good,Good
Good,Good
Poor,Moderate
Good,Good
Good,Good
Good,Good
Good,Good
Moderate,Good
Good,Good
Good,Good
Good,Good
Good,Good
Good,Good
Good,Good
Good,Good
Good,Good
Poor,Poor
Good,Good
Poor,Poor
Poor,Poor
Good,Good
Good,Good
Good,Good
Good,Good
Good,Good
Moderate,Good
Good,Good
Good,Good
Poor,Poor
Good,Good
Good,Good
Good,Good
Good,Good
Good,Good
Good,Good
Good,Good
Good,Good
Good,Good
Good,Good
Good,Good
Good,Good
Good,Good
Good,Good
Good,Good
Good,Good
Good,Good
Good,Good
Poor,Poor
Good,Good
Good,Good
Good,Good
Good,Good
Good,Good
Good,Good
Good,Good
Moderate,Good
Good,Good
Good,Good
Good,Good
Poor,Poor
Good,Good
Good,Good
Good,Good
Poor,Poor
Good,Poor
Good,Good
Good,Good
Good,Good
Good,Good
Good,Good
Good,Good
Moderate,Good
Good,Good
Good,Good
Poor,Poor
Good,Good
Good,Good
Good,Good
Good,Good
Good,Good
Good,Good
Good,Good
Good,Good
Good,Good
Good,Good
Good,Good
Good,Good
Poor,Poor
Good,Good
Good,Good
Good,Good
Good,Good
Good,Good
Poor,Poor
Good,Good
Good,Good
Good,Good
Good,Good
Good,Good
Poor,Poor
Good,Good
Good,Good
Good,Good
Good,Good
Good,Good
Poor,Poor
Good,Good
Good,Good
Good,Good
Good,Good
Good,Good
Good,Good
Good,Good
Poor,Poor
Poor,Poor
Good,Good
Good,Good
Good,Good
Good,Good
Good,Good
Good,Good
Good,Good
Good,Good
Good,Good
Good,Good
Good,Good
Good,Good
Good,Good
Good,Good
Good,Good
Good,Good
Good,Good
Good,Good
Good,Good
Good,Good
Good,Good
Poor,Poor
Good,Good
Poor,Poor
Good,Good
Good,Good
Good,Good
Good,Good
Good,Good
Moderate,Moderate
Good,Good
Moderate,Good
Good,Good
Good,Good
Poor,Good
Good,Good
Good,Poor
Good,Good
Good,Good
Good,Good
Good,Good
Good,Good
Good,Good
Poor,Poor
Good,Good
Good,Good
Good,Good
Good,Good
Good,Good
Good,Good
Good,Good
Good,Good
Poor,Good
Good,Good
Poor,Poor
Good,Good
Good,Good
Poor,Poor
Good,Good
Good,Good
Good,Good
Good,Good
Good,Good
Good,Good
Good,Good
Good,Good
Good,Good
Poor,Poor
Good,Good
Good,Good
Good,Good
Good,Good
Poor,Moderate
Good,Good
Moderate,Moderate
Poor,Poor
Good,Good
Good,Good
Good,Good
Good,Good
Good,Good
Poor,Poor
Poor,Poor
Good,Good
Poor,Good
Good,Good
Good,Good
Good,Good
Good,Good
Good,Good
Good,Good
Good,Good
Good,Good
Poor,Poor
Good,Good
Good,Good
Poor,Poor
Good,Good
Moderate,Good
Good,Good
Poor,Poor
Good,Good
Good,Good
Good,Good
Poor,Moderate
Good,Good
Good,Good
Good,Good
Good,Good
Poor,Poor
Good,Good
Good,Good
Poor,Poor
Good,Good
Good,Good
Good,Good
Good,Good
Moderate,Good
Good,Good
Poor,Poor
Good,Good
Good,Good
Good,Good
Good,Good
Good,Good
Poor,Poor
Good,Good
Good,Good
Good,Good
Good,Good
Good,Good
Good,Good
Good,Good
Good,Good
Good,Good
Good,Good
Moderate,Good
Good,Good
Good,Good
Good,Good
Good,Good
Good,Good
Good,Good
Good,Good
Good,Good
Good,Good
Good,Good
Good,Good
Good,Good
Good,Good
Good,Good
Good,Good
Good,Good
Good,Good
Good,Good
Good,Good
Poor,Poor
Good,Good
Poor,Poor
Good,Good
Good,Good
Good,Good
Good,Good
Good,Good
Poor,Poor
Good,Good
Good,Good
Good,Good
Good,Good
Good,Good
Good,Good
Good,Good
Good,Good
Good,Good
Moderate,Good
Good,Good
Poor,Poor
Good,Good
Good,Good
Poor,Poor
Poor,Poor
Good,Good
Good,Good
Good,Good
Good,Good
Good,Good
Good,Good
Good,Good
Good,Good
Good,Good
Good,Good
Good,Good
Good,Moderate
Poor,Poor
Good,Good
Good,Good
Good,Good
Good,Good
Good,Good
Poor,Poor
Good,Good
Good,Good
Good,Good
Good,Good
Good,Good
Good,Good
Good,Good
Good,Good
Good,Good
Good,Good
Good,Good
Good,Good
Good,Good
Moderate,Moderate
Good,Good
Poor,Poor
Good,Good
Good,Good
Good,Good
Poor,Moderate
Good,Good
Good,Good
Good,Good
Poor,Poor
Good,Good
Good,Good
Good,Good
Good,Good
Good,Good
Good,Good
Good,Good
Good,Good
Good,Good
Good,Good
Good,Good
Good,Good
Good,Poor
Moderate,Moderate
Good,Good
Good,Good
Good,Good
Good,Good
Good,Good
Poor,Poor
Good,Good
Good,Good
Good,Good
Good,Good
Good,Good
Good,Good
Good,Good
Good,Good
Good,Good
Poor,Moderate
Good,Good
Good,Good
Poor,Poor
Good,Good
Good,Good
Moderate,Good
Good,Good
Good,Good
Good,Good
Good,Good
Good,Good
Good,Good
Good,Good
Good,Good
Good,Good
Poor,Poor
Good,Good
Good,Good
Good,Good
Good,Good
Good,Good
Moderate,Poor
Good,Good
Good,Good
Good,Good
Poor,Poor
Good,Good
Good,Good
Good,Good
Good,Good
Good,Good
Good,Good
Good,Good
Good,Good
Good,Good
Poor,Poor
Good,Good
Good,Good
Good,Good
Good,Good
Moderate,Moderate
Good,Good
Good,Good
Good,Good
Good,Good
Moderate,Good
Good,Good
Good,Good
Good,Good
Good,Good
Good,Good
Good,Good
Good,Good
Good,Good
Good,Good
Moderate,Good
Good,Good
Poor,Poor
Good,Good
Poor,Poor
Good,Good
Moderate,Good
Good,Good
Good,Good
Good,Good
Good,Good
Poor,Poor
Good,Good
Good,Good
Poor,Poor
Poor,Poor
Good,Good
Good,Good
Poor,Poor
Good,Good
Good,Good
Good,Good
Good,Good
Good,Good
Good,Good
Good,Good
Good,Good
Good,Good
Poor,Poor
Good,Good
Poor,Poor
Good,Good
Good,Good
Good,Good
Good,Good
Good,Good
Good,Good
Good,Good
Good,Good
Good,Good
Good,Good
Good,Good
Good,Good
Good,Good
Good,Good
Good,Good
Good,Moderate
Good,Good
Good,Good
Poor,Poor
Good,Good
Poor,Poor
Good,Good
Good,Good
Poor,Poor
Good,Good
Good,Moderate
Good,Good
Poor,Good
Poor,Poor
Good,Good
Good,Good
Good,Good
Good,Good
Good,Good
Good,Good
