True_Label,Predicted_Label
Good,Good
Good,Good
Good,Good
Good,Good
Poor,Poor
Good,Good
Good,Good
Good,Good
Good,Good
Good,Good
Good,Good
Good,Good
Good,Good
Good,Good
Good,Good
Good,Good
Good,Good
Good,Good
Good,Good
Poor,Poor
Poor,Poor
Good,Good
Good,Good
Poor,Poor
Moderate,Poor
Good,Good
Good,Good
Good,Good
Good,Good
Good,Good
Good,Good
Good,Good
Good,Good
Good,Good
Good,Good
Good,Good
Poor,Poor
Good,Good
Good,Good
Good,Good
Good,Good
Good,Good
Good,Good
Good,Good
Poor,Poor
Good,Good
Good,Good
Good,Good
Good,Good
Good,Good
Good,Good
Good,Poor
Poor,Poor
Good,Good
Good,Good
Good,Good
Good,Good
Good,Good
Poor,Poor
Good,Good
Good,Good
Good,Good
Good,Good
Good,Good
Good,Good
Good,Good
Good,Good
Good,Good
Good,Good
Good,Good
Good,Good
Good,Good
Poor,Poor
Good,Good
Poor,Poor
Good,Good
Good,Good
Good,Good
Good,Good
Good,Good
Good,Good
Good,Good
Good,Good
Good,Good
Poor,Good
Good,Good
Poor,Poor
Good,Good
Good,Good
Poor,Poor
Good,Good
Good,Good
Good,Good
Good,Good
Good,Good
Good,Good
Poor,Good
Good,Good
Good,Good
Good,Good
Good,Good
Poor,Poor
Good,Good
Good,Good
Moderate,Good
Good,Good
Poor,Good
Good,Good
Poor,Poor
Good,Good
Good,Good
Good,Good
Good,Good
Good,Good
Good,Good
Good,Good
Good,Good
Good,Good
Poor,Poor
Good,Good
Good,Good
Good,Good
Good,Good
Good,Good
Good,Good
Good,Good
Good,Good
Good,Good
Good,Good
Poor,Poor
Good,Good
Good,Good
Poor,Poor
Good,Good
Good,Good
Good,Good
Good,Good
Good,Good
Moderate,Good
Good,Good
Good,Good
Good,Good
Good,Good
Good,Good
Good,Good
Good,Good
Good,Good
Good,Good
Good,Good
Good,Good
Good,Good
Good,Good
Good,Good
Good,Good
Good,Good
Good,Good
Good,Good
Poor,Poor
Good,Good
Good,Good
Good,Good
Poor,Poor
Good,Good
Poor,Poor
Good,Good
Good,Good
Good,Good
Good,Good
Good,Good
Good,Good
Good,Good
Good,Good
Good,Good
Good,Good
Good,Good
Good,Good
Good,Good
Good,Good
Good,Good
Good,Good
Good,Good
Poor,Poor
Good,Good
Good,Good
Good,Good
Good,Good
Good,Good
Good,Good
Good,Good
Good,Good
Good,Good
Good,Good
Good,Good
Good,Good
Good,Good
Good,Good
Poor,Poor
Poor,Poor
Good,Good
Good,Good
Good,Good
Good,Good
Good,Good
Good,Good
Good,Good
Good,Good
Poor,Poor
Good,Good
Good,Good
Good,Good
Good,Good
Poor,Poor
Good,Good
Good,Good
Good,Good
Good,Good
Good,Good
Good,Good
Good,Good
Good,Good
Good,Good
Good,Good
Good,Good
Moderate,Good
Good,Good
Good,Good
Good,Good
Good,Good
Poor,Poor
Good,Good
Good,Good
Good,Good
Good,Good
Good,Good
Good,Good
Poor,Poor
Good,Good
Poor,Poor
Good,Good
Good,Good
Good,Good
Good,Good
Good,Good
Good,Good
Good,Good
Good,Good
Good,Good
Good,Good
Good,Good
Good,Good
Good,Good
Good,Good
Poor,Poor
Good,Good
Good,Good
Good,Good
Good,Good
Poor,Poor
Moderate,Good
Good,Good
Good,Good
Good,Good
Poor,Poor
Good,Good
Good,Good
Good,Good
Good,Good
Good,Good
Good,Good
Good,Good
Moderate,Good
Good,Good
Good,Good
Poor,Poor
Good,Good
Good,Good
Good,Good
Good,Good
Good,Good
Moderate,Good
Good,Good
Poor,Poor
Good,Good
Good,Good
Good,Good
Good,Good
Good,Good
Good,Good
Good,Good
Moderate,Good
Good,Good
Good,Good
Good,Good
Moderate,Good
Good,Good
Good,Good
Good,Good
Good,Good
Moderate,Good
Good,Good
Good,Good
Good,Good
Good,Good
Good,Good
Good,Good
Good,Good
Good,Good
Moderate,Good
Good,Good
Good,Good
Good,Good
Good,Good
Good,Good
Good,Good
Poor,Poor
Good,Good
Good,Good
Good,Good
Good,Good
Poor,Good
Good,Good
Good,Good
Good,Good
Good,Good
Good,Good
Good,Good
Good,Good
Good,Good
Good,Good
Poor,Poor
Good,Good
Poor,Good
Good,Good
Good,Good
Moderate,Good
Good,Good
Moderate,Good
Good,Good
Good,Good
Good,Good
Good,Good
Good,Good
Good,Good
Good,Good
Good,Good
Good,Good
Good,Good
Poor,Poor
Good,Good
Poor,Good
Good,Good
Poor,Poor
Good,Good
Poor,Poor
Good,Good
Good,Good
Good,Good
Good,Good
Good,Good
Good,Good
Poor,Poor
Good,Good
Good,Good
Good,Good
Good,Good
Good,Good
Good,Good
Good,Good
Moderate,Good
Poor,Poor
Good,Good
Good,Good
Good,Good
Good,Good
Good,Good
Good,Good
Moderate,Poor
Good,Good
Good,Good
Good,Good
Good,Good
Poor,Poor
Good,Good
Moderate,Good
Good,Good
Good,Good
Good,Good
Good,Good
Good,Good
Good,Good
Good,Good
Poor,Poor
Good,Good
Good,Good
Good,Good
Good,Good
Good,Good
Good,Good
Good,Good
Good,Good
Poor,Poor
Good,Good
Good,Good
Good,Good
Good,Good
Good,Good
Good,Good
Moderate,Poor
Good,Good
Moderate,Good
Good,Good
Good,Good
Poor,Good
Good,Good
Good,Good
Good,Good
Poor,Good
Good,Good
Poor,Poor
Good,Good
Moderate,Poor
Moderate,Good
Good,Good
Poor,Poor
Good,Good
Good,Good
Poor,Poor
Good,Good
Good,Good
Good,Good
Good,Good
Good,Good
Good,Good
Good,Good
Moderate,Poor
Good,Good
Good,Good
Good,Good
Good,Good
Good,Good
Good,Good
Good,Good
Good,Good
Good,Good
Good,Good
Good,Good
Good,Good
Good,Good
Good,Good
Good,Good
Good,Good
Good,Good
Good,Good
Good,Good
Good,Good
Good,Good
Good,Good
Good,Good
Good,Good
Good,Good
Good,Good
Good,Good
Good,Good
Good,Good
Good,Good
Good,Good
Good,Good
Poor,Poor
Poor,Good
Good,Good
Good,Good
Poor,Poor
Good,Good
Good,Good
Good,Good
Good,Good
Good,Good
Good,Good
Poor,Good
Poor,Poor
Good,Good
Good,Good
Good,Good
Good,Good
Good,Good
Good,Good
Good,Good
Good,Good
Good,Good
Good,Good
Good,Good
Good,Good
Good,Good
Good,Good
Good,Good
Good,Good
Good,Good
Good,Good
Poor,Poor
Good,Good
Good,Good
Good,Good
Good,Good
Good,Good
Poor,Poor
Good,Good
Good,Good
Poor,Poor
Good,Good
Good,Good
Good,Good
Good,Good
Poor,Poor
Good,Good
Good,Good
Good,Good
Good,Good
Good,Good
Good,Good
Good,Good
Good,Good
Good,Good
Good,Good
Good,Good
Good,Good
Good,Good
Good,Good
Good,Good
Poor,Poor
Moderate,Good
Good,Good
Good,Good
Good,Good
Good,Good
Good,Good
Good,Good
Good,Good
Good,Good
Good,Good
Good,Good
Good,Good
Good,Good
Good,Good
Good,Good
Good,Good
Good,Good
Good,Good
Good,Good
Good,Good
Good,Good
Good,Good
Good,Good
Good,Good
Good,Good
Good,Good
Good,Good
Good,Good
Good,Good
Good,Good
Good,Good
Poor,Poor
Good,Good
Good,Good
Good,Good
Good,Good
Good,Good
Good,Good
Good,Good
Good,Good
Good,Poor
Good,Good
Good,Good
Good,Good
Good,Good
Good,Good
Good,Good
Poor,Poor
Poor,Poor
Good,Good
Good,Good
Good,Good
Good,Good
Good,Good
Good,Good
Good,Good
Moderate,Good
Good,Good
Good,Good
Poor,Poor
Good,Good
Good,Good
Good,Good
Good,Good
Good,Good
Poor,Poor
Good,Good
Good,Good
Good,Good
Good,Good
Good,Good
Good,Good
Good,Good
Good,Good
Good,Good
Good,Good
Poor,Good
Poor,Poor
Poor,Poor
Good,Good
Good,Good
Good,Good
Good,Good
Good,Good
Good,Good
Good,Good
Good,Good
Good,Good
Good,Good
Good,Good
Good,Good
Good,Good
Good,Good
Good,Good
Good,Good
Good,Good
Good,Good
Poor,Poor
Good,Good
Good,Good
Good,Good
Poor,Poor
Poor,Poor
Good,Good
Poor,Poor
Poor,Poor
Good,Good
Poor,Poor
Good,Good
Good,Good
Good,Good
Moderate,Poor
Good,Good
Good,Good
Moderate,Good
Poor,Poor
Good,Good
Good,Good
Good,Good
Good,Good
Poor,Poor
Good,Good
Good,Good
Good,Good
Good,Good
Moderate,Good
Good,Good
Good,Good
Poor,Poor
Moderate,Good
Good,Good
Poor,Poor
Good,Good
Poor,Poor
Good,Good
Good,Good
Good,Good
Good,Good
Poor,Poor
Good,Good
Good,Good
Good,Good
Good,Good
Good,Good
Poor,Poor
Good,Good
Good,Good
Poor,Poor
Good,Good
Good,Good
Good,Good
Good,Good
Good,Good
Good,Good
Good,Good
Good,Good
Good,Good
Good,Good
Poor,Poor
Good,Good
Good,Good
Moderate,Good
Good,Good
Good,Good
Good,Good
Good,Good
Good,Good
Good,Good
Good,Good
Good,Good
Good,Good
Good,Good
Good,Good
Good,Good
Moderate,Good
Good,Good
Good,Good
Good,Good
Poor,Poor
Good,Good
Good,Good
Good,Good
Good,Good
Poor,Poor
Good,Good
Poor,Poor
Poor,Poor
Good,Good
Poor,Poor
Moderate,Good
Good,Good
Good,Good
Poor,Poor
Good,Good
Poor,Poor
Moderate,Good
Good,Good
Good,Good
Good,Good
Good,Good
Moderate,Good
Good,Good
Good,Good
Good,Good
Good,Good
Good,Good
Good,Good
Good,Good
Good,Good
Good,Good
Good,Good
Good,Good
Good,Good
Good,Good
Good,Good
Poor,Poor
Good,Good
Good,Good
Good,Good
Good,Good
Good,Good
Poor,Poor
Moderate,Good
Good,Good
Poor,Poor
Good,Good
Poor,Poor
Good,Good
Good,Good
Good,Good
Good,Good
Good,Good
Good,Good
Good,Good
Good,Good
Good,Good
Good,Good
Good,Good
Good,Good
Good,Good
Good,Good
Good,Good
Good,Good
Poor,Poor
Good,Good
Poor,Poor
Good,Good
Good,Good
Good,Good
Poor,Poor
Good,Good
Good,Good
Good,Good
Good,Good
Good,Good
Good,Good
Moderate,Good
Moderate,Good
Good,Good
Good,Good
Good,Good
Poor,Poor
Good,Good
Good,Good
Good,Good
Good,Good
Good,Good
Good,Good
Good,Good
Good,Good
Poor,Poor
Good,Good
Good,Good
Good,Good
Good,Good
Poor,Poor
Good,Good
Good,Good
Good,Good
Good,Good
Good,Good
Good,Good
Poor,Poor
Good,Good
Good,Good
Good,Good
Good,Good
Moderate,Poor
Moderate,Poor
Good,Good
Good,Good
Poor,Poor
Good,Good
Good,Good
Good,Good
Good,Good
Poor,Poor
Good,Good
Good,Good
Good,Good
Good,Good
Good,Good
Good,Good
Poor,Poor
Poor,Poor
Good,Good
Good,Good
Good,Good
Good,Good
Good,Good
Poor,Poor
Good,Good
Good,Good
Good,Good
Moderate,Good
Good,Good
Good,Good
Good,Good
Good,Good
Good,Good
Good,Good
Good,Good
Good,Good
Moderate,Good
Good,Good
Good,Good
Poor,Good
Good,Good
Good,Good
Good,Good
Good,Good
Good,Good
Good,Good
Good,Good
Good,Good
Good,Good
Good,Good
Good,Good
Good,Good
Good,Good
Good,Good
Good,Good
Good,Good
Good,Good
Good,Good
Good,Good
Poor,Poor
Good,Good
Good,Good
Good,Good
Good,Good
Good,Good
Poor,Poor
Good,Good
Good,Good
Good,Good
Poor,Poor
Poor,Poor
Good,Good
Good,Good
Good,Good
Good,Good
Good,Good
Good,Good
Good,Good
Good,Good
Good,Good
Good,Good
Good,Good
Good,Good
Good,Good
Good,Good
Poor,Poor
Good,Good
Good,Good
Good,Good
Good,Good
Poor,Poor
Good,Good
Moderate,Good
Good,Good
Good,Good
Good,Good
Good,Good
Poor,Poor
Good,Good
Poor,Poor
Good,Good
Good,Good
Good,Good
Good,Good
Poor,Poor
Good,Good
Good,Good
Good,Good
Good,Good
Poor,Good
Good,Good
Poor,Poor
Good,Good
Good,Good
Good,Good
Good,Good
Poor,Good
Good,Good
Good,Good
Poor,Poor
Good,Good
Good,Good
Good,Good
Good,Good
Good,Good
Poor,Poor
Good,Good
Good,Good
Good,Good
Good,Good
Good,Good
Good,Good
Poor,Poor
Good,Good
Good,Good
Moderate,Good
Good,Good
Good,Good
Good,Good
Good,Good
Good,Good
Good,Good
Good,Good
Good,Good
Moderate,Good
Good,Good
Good,Good
Good,Good
Good,Good
Good,Good
Good,Good
Good,Good
Good,Good
Good,Good
Good,Good
Good,Good
Good,Good
Good,Good
Good,Good
Moderate,Good
Good,Good
Good,Good
Good,Good
Poor,Poor
Good,Good
Good,Good
Good,Good
Good,Good
Good,Good
Good,Good
Poor,Poor
Good,Good
Good,Good
Good,Good
Poor,Good
Good,Good
Good,Good
Good,Good
Poor,Poor
Good,Good
Good,Good
Good,Good
Good,Good
Good,Good
Good,Good
Good,Good
Moderate,Good
Good,Good
Good,Good
Good,Good
Good,Good
Good,Good
Poor,Good
Good,Good
Good,Good
Good,Good
Poor,Poor
Poor,Poor
Good,Good
Good,Good
Good,Good
Good,Good
Good,Good
Good,Good
Good,Good
Good,Good
Good,Good
Moderate,Poor
Good,Good
Good,Good
Good,Good
Good,Good
Good,Good
Good,Good
Good,Good
Good,Good
Poor,Poor
Good,Good
Good,Good
Good,Good
Good,Good
Good,Good
Poor,Poor
Good,Good
Good,Good
Good,Good
Good,Good
Good,Good
Good,Good
Poor,Poor
Good,Good
Good,Good
Good,Good
Good,Good
Good,Good
Good,Good
Poor,Poor
Good,Good
Good,Good
Good,Good
Good,Good
Moderate,Poor
Poor,Poor
Good,Good
Poor,Poor
Good,Good
Good,Good
Good,Good
Good,Good
Good,Good
Good,Good
Good,Good
Good,Good
Good,Good
Moderate,Poor
Moderate,Poor
Good,Good
Good,Good
Moderate,Good
Good,Good
Good,Good
Moderate,Good
Good,Good
Good,Good
Good,Good
Good,Good
Good,Good
Poor,Poor
Good,Good
Good,Good
Good,Good
Good,Good
Good,Good
Good,Good
Good,Good
Good,Good
Good,Good
Good,Good
Poor,Poor
Poor,Good
Good,Good
Good,Good
Good,Good
Good,Good
Good,Good
Good,Good
Good,Good
Good,Good
Good,Good
Poor,Poor
Poor,Poor
Good,Good
Good,Good
Good,Good
Good,Good
Good,Good
Good,Good
Moderate,Good
Good,Good
Good,Good
Moderate,Good
Good,Good
Good,Good
Good,Good
Good,Good
Good,Good
Good,Good
Good,Good
Good,Good
Good,Good
Poor,Poor
Good,Good
Good,Good
Good,Good
Poor,Poor
Good,Good
Good,Good
Good,Good
Good,Good
Good,Good
Good,Good
Good,Good
Good,Good
Good,Good
Good,Good
Good,Good
Good,Good
Good,Good
Good,Good
Good,Good
Good,Good
Good,Good
Good,Good
Good,Good
Good,Good
Good,Good
Good,Good
Good,Good
Good,Good
Good,Good
Good,Good
Poor,Poor
Good,Good
Good,Good
Good,Good
Good,Good
Poor,Poor
Good,Good
Good,Poor
Good,Good
Good,Good
Good,Good
Good,Good
Poor,Poor
Good,Good
Good,Good
Good,Good
Good,Good
Moderate,Good
Good,Good
Good,Good
Good,Good
Good,Good
Good,Good
Moderate,Good
Good,Good
Good,Good
Good,Good
Good,Good
Good,Good
Good,Good
Good,Good
Poor,Good
Good,Good
Good,Good
Good,Good
Good,Good
Good,Good
Good,Good
Good,Good
Good,Good
Good,Good
Poor,Poor
Good,Good
Poor,Poor
Good,Good
Good,Good
Good,Good
Poor,Poor
Good,Poor
Good,Good
Good,Good
Poor,Poor
Good,Good
Good,Good
Good,Good
Good,Good
Moderate,Good
Poor,Poor
Good,Good
Good,Good
Good,Good
Good,Good
Moderate,Good
Good,Good
Good,Good
Good,Good
Good,Good
Good,Good
Good,Good
Good,Good
Good,Good
Good,Good
Good,Good
Moderate,Poor
Moderate,Poor
Poor,Poor
Good,Good
Poor,Poor
Good,Good
Good,Good
Good,Good
Good,Good
Good,Good
Good,Good
Poor,Good
Good,Good
Good,Good
Good,Good
Good,Good
Poor,Poor
Good,Good
Good,Good
Good,Good
Poor,Poor
Good,Good
Good,Good
Good,Good
Poor,Good
Good,Good
Good,Good
Poor,Good
Good,Good
Poor,Good
Poor,Poor
Good,Good
Good,Good
Good,Good
Moderate,Good
Good,Good
Poor,Poor
Good,Good
Good,Good
Good,Good
Good,Good
Good,Poor
Poor,Poor
Poor,Poor
Good,Good
Good,Good
Poor,Poor
Good,Good
Good,Good
Good,Good
Good,Good
Good,Good
Good,Good
Poor,Poor
Poor,Poor
Poor,Good
Good,Good
Moderate,Poor
Moderate,Poor
Good,Good
Moderate,Poor
Good,Good
Good,Good
Good,Good
Good,Good
Poor,Poor
Good,Good
Good,Good
Good,Good
Poor,Poor
Good,Good
Good,Good
Good,Good
Good,Good
Moderate,Good
Good,Good
Good,Good
Poor,Poor
Good,Good
Poor,Good
Poor,Poor
Good,Good
Good,Good
Good,Good
Good,Good
Good,Good
Good,Good
Good,Good
Good,Good
Good,Good
Good,Good
Good,Good
Good,Good
Good,Good
Good,Good
Good,Good
Poor,Poor
Poor,Poor
Good,Good
Good,Good
Moderate,Good
Good,Good
Good,Good
Good,Good
Good,Good
Good,Good
Good,Good
Good,Good
Good,Good
Poor,Poor
Good,Good
Good,Good
Good,Good
Good,Good
Good,Good
Good,Good
Good,Good
Moderate,Good
Good,Good
Good,Good
Good,Good
Good,Good
Moderate,Good
Good,Good
Good,Good
Good,Good
Good,Good
Good,Good
Good,Good
Good,Good
Good,Good
Good,Good
Good,Good
Good,Good
Good,Good
Good,Good
Poor,Poor
Good,Good
Poor,Poor
Moderate,Good
Good,Good
Good,Good
Good,Good
Good,Good
Good,Good
Good,Good
Good,Good
Poor,Good
Poor,Poor
Good,Good
Good,Good
Good,Good
Good,Good
Poor,Poor
Good,Good
Poor,Good
Good,Good
Good,Good
Good,Good
Good,Good
Good,Good
Good,Good
Good,Good
Poor,Poor
Poor,Poor
Good,Good
Good,Good
Good,Good
Good,Good
Good,Good
Good,Good
Good,Good
Poor,Poor
Good,Good
Good,Good
Good,Good
Good,Good
Good,Good
Good,Good
Moderate,Good
Good,Good
Good,Good
Good,Good
Good,Good
Good,Good
Good,Good
Good,Good
Good,Good
Good,Good
Good,Good
Good,Good
Good,Good
Good,Good
Good,Good
Good,Good
Good,Good
Moderate,Good
Good,Good
Good,Good
Good,Good
Poor,Good
Good,Good
Moderate,Good
Good,Good
Good,Good
Poor,Poor
Poor,Poor
Good,Good
Good,Good
Good,Good
Good,Good
Good,Good
Good,Good
Good,Good
Poor,Poor
Good,Good
Moderate,Good
Moderate,Good
Poor,Poor
Good,Good
Good,Good
Good,Good
Good,Good
Good,Good
Good,Good
Good,Good
Good,Good
Good,Good
Good,Good
Good,Good
Good,Good
Good,Good
Good,Good
Good,Good
Good,Good
Good,Good
Good,Good
Good,Good
Good,Good
Good,Good
Good,Good
Good,Good
Poor,Poor
Poor,Poor
Good,Good
Good,Good
Good,Good
Good,Good
Good,Good
Good,Good
Good,Good
Poor,Poor
Moderate,Poor
Good,Good
Good,Good
Good,Good
Poor,Poor
Good,Good
Poor,Poor
Good,Good
Good,Good
Good,Good
Poor,Poor
Good,Good
Moderate,Good
Poor,Poor
Good,Good
Good,Good
Good,Good
Good,Good
Good,Good
Good,Good
Good,Good
Poor,Poor
Good,Good
Poor,Poor
Good,Good
Good,Good
Good,Good
Poor,Poor
Good,Good
Moderate,Poor
Good,Good
Good,Good
Poor,Poor
Good,Good
Good,Good
Poor,Poor
Good,Good
Good,Good
Good,Good
Good,Good
Good,Good
Good,Good
Good,Good
Good,Good
Good,Good
Good,Good
Poor,Poor
Poor,Poor
Good,Good
Good,Good
Good,Good
Good,Good
Good,Good
Good,Good
Good,Good
Moderate,Good
Good,Good
Good,Good
Good,Good
Good,Good
Good,Good
Moderate,Good
Good,Good
Good,Good
Good,Good
Good,Good
Good,Good
Good,Good
Good,Good
Poor,Poor
Good,Good
Good,Good
Good,Good
Good,Good
Poor,Poor
Good,Good
Good,Good
Good,Poor
Good,Good
Poor,Poor
Good,Good
Poor,Good
Good,Good
Good,Good
Good,Good
Good,Good
Good,Good
Good,Good
Good,Good
Good,Good
Good,Good
Moderate,Poor
Good,Good
Good,Good
Poor,Poor
Good,Good
Good,Good
Good,Good
Good,Good
Moderate,Good
Good,Good
Good,Good
Good,Good
Poor,Poor
Good,Good
Poor,Poor
Good,Good
Moderate,Poor
Moderate,Good
Good,Good
Good,Good
Good,Good
Good,Good
Good,Good
Good,Good
Poor,Good
Good,Good
Good,Good
Good,Good
Good,Good
Good,Good
Good,Good
Good,Good
Good,Good
Good,Good
Good,Good
Good,Good
Good,Good
Good,Good
Good,Good
Good,Good
Good,Good
Good,Good
Good,Good
Good,Good
Moderate,Good
Good,Good
Poor,Poor
Good,Good
Good,Good
Good,Good
Good,Good
Poor,Poor
Good,Good
Good,Good
Good,Good
Good,Good
Good,Good
Good,Good
Poor,Poor
Good,Good
Good,Good
Poor,Good
Good,Good
Moderate,Good
Good,Good
Good,Good
Good,Good
Moderate,Poor
Good,Good
Good,Good
Good,Good
Poor,Poor
Good,Good
Moderate,Good
Good,Good
Good,Good
Good,Good
Poor,Poor
Good,Good
Good,Good
Good,Good
Poor,Good
Good,Good
Good,Good
Good,Good
Good,Good
Good,Good
Good,Good
Good,Good
Poor,Poor
Good,Good
Good,Good
Moderate,Good
Good,Good
Good,Good
Good,Good
Good,Good
Good,Good
Poor,Poor
Good,Good
Good,Good
Good,Good
Good,Good
Good,Good
Good,Good
Good,Good
Good,Good
Poor,Poor
Good,Good
Good,Good
Good,Good
Good,Good
Good,Good
Good,Good
Good,Good
Poor,Poor
Good,Good
Good,Good
Good,Good
Good,Good
Good,Good
Moderate,Poor
Good,Good
Good,Good
Good,Good
Poor,Poor
Good,Good
Good,Good
Good,Good
Poor,Poor
Good,Good
Good,Good
Good,Good
Good,Good
Good,Good
Good,Good
Good,Good
Good,Good
Good,Good
Good,Good
Good,Good
Good,Good
Good,Good
Good,Good
Good,Good
Good,Good
Good,Good
Good,Good
Good,Good
Good,Good
Good,Good
Good,Good
Good,Good
Good,Good
Good,Good
Good,Good
Good,Good
Good,Good
Good,Good
Moderate,Good
Good,Good
Good,Good
Good,Good
Good,Good
Good,Good
Good,Good
Good,Good
Poor,Poor
Good,Good
Good,Good
Good,Good
Poor,Poor
Good,Good
Good,Good
Poor,Poor
Good,Good
Good,Good
Poor,Poor
Moderate,Poor
Good,Good
Good,Good
Poor,Poor
Poor,Good
Good,Good
Good,Good
Good,Good
Good,Good
Poor,Poor
Good,Good
Good,Good
Good,Good
Good,Good
Good,Good
Good,Good
Good,Good
Good,Good
Good,Good
Good,Good
Good,Good
Good,Good
Good,Good
Poor,Poor
Good,Good
Moderate,Good
Good,Good
Good,Good
Good,Good
Good,Good
Good,Good
Good,Good
Good,Good
Good,Good
Good,Good
Poor,Poor
Good,Good
Poor,Poor
Poor,Poor
Good,Good
Good,Good
Good,Good
Poor,Good
Good,Good
Good,Good
Poor,Poor
Good,Good
Poor,Poor
Good,Good
Poor,Poor
Good,Good
Good,Good
Good,Good
Good,Good
Good,Good
Good,Good
Good,Good
Good,Good
Good,Good
Good,Good
Poor,Poor
Good,Good
Good,Good
Good,Good
Good,Good
Good,Good
Good,Good
Good,Good
Good,Good
Good,Good
Good,Good
Good,Good
Good,Good
Good,Good
Poor,Poor
Good,Good
Good,Good
Good,Good
Good,Good
Poor,Poor
Poor,Poor
Good,Good
Good,Good
Good,Good
Good,Good
Good,Good
Good,Good
Good,Good
Good,Good
Good,Good
Good,Good
Good,Good
Good,Good
Good,Good
Good,Good
Poor,Poor
Moderate,Poor
Good,Good
Good,Good
Moderate,Good
Good,Good
Good,Good
Good,Good
Poor,Poor
Good,Good
Poor,Poor
Good,Good
Poor,Good
Good,Good
Good,Good
Good,Good
Poor,Poor
Poor,Poor
Moderate,Good
Good,Good
Good,Good
Good,Good
Poor,Poor
Good,Good
Good,Good
Good,Good
Good,Good
Good,Good
Poor,Poor
Good,Good
Good,Good
Good,Good
Good,Good
Good,Good
Good,Good
Good,Good
Good,Good
Good,Good
Good,Good
Good,Good
Moderate,Good
Good,Good
Poor,Poor
Good,Good
Good,Good
Good,Good
Good,Good
Good,Good
Good,Good
Poor,Poor
Moderate,Good
Good,Good
Good,Good
Good,Good
Good,Good
Good,Good
Poor,Poor
Good,Good
Good,Good
Good,Good
Good,Good
Good,Good
Good,Good
Poor,Poor
Moderate,Good
Good,Good
Good,Good
Poor,Poor
Good,Good
Good,Good
Good,Good
Good,Good
Poor,Good
Good,Good
Moderate,Good
Poor,Poor
Poor,Poor
Good,Good
Good,Good
Good,Good
Good,Good
Good,Good
Good,Good
Good,Good
Moderate,Good
Good,Good
Good,Good
Good,Good
Good,Good
Good,Good
Good,Good
Moderate,Good
Good,Good
Good,Good
Good,Good
Good,Good
Good,Good
Good,Good
Good,Good
Poor,Poor
Good,Good
Good,Good
Good,Good
Good,Good
Good,Good
Good,Good
Good,Good
Good,Good
Good,Good
Good,Good
Moderate,Poor
Good,Good
Poor,Poor
Poor,Poor
Good,Good
Good,Good
Good,Good
Good,Good
Poor,Poor
Poor,Poor
Poor,Poor
Good,Good
Poor,Poor
Good,Good
Good,Good
Moderate,Good
Good,Good
Good,Good
Moderate,Good
Moderate,Poor
Good,Good
Good,Good
Good,Good
Good,Good
Good,Good
Good,Good
Good,Good
Poor,Poor
Poor,Poor
Good,Good
Good,Good
Good,Good
Poor,Good
Poor,Poor
Good,Good
Good,Good
Good,Good
Good,Good
Good,Good
Good,Good
Good,Good
Good,Good
Good,Good
Good,Good
Moderate,Poor
Moderate,Good
Good,Good
Good,Good
Good,Good
Good,Good
Good,Good
Good,Good
Good,Good
Good,Good
Good,Good
Good,Good
Good,Good
Good,Good
Poor,Good
Good,Good
Good,Good
Poor,Poor
Moderate,Good
Good,Good
Good,Good
Good,Good
Poor,Poor
Poor,Poor
Good,Good
Good,Good
Good,Good
Good,Good
Good,Good
Poor,Poor
Good,Good
Good,Good
Good,Good
Good,Good
Good,Good
Good,Good
Good,Good
Good,Good
Good,Good
Poor,Good
Good,Good
Good,Good
Good,Good
Good,Good
Moderate,Poor
Good,Good
Moderate,Good
Good,Good
Good,Good
Good,Good
Good,Good
Good,Good
Good,Good
Good,Good
Good,Good
Poor,Poor
Good,Good
Good,Good
Good,Good
Poor,Poor
Good,Good
Good,Good
Good,Good
Good,Good
Good,Good
Good,Good
Good,Good
Good,Good
Good,Good
Good,Good
Good,Good
Good,Good
Good,Good
Good,Good
Good,Good
Poor,Poor
Good,Good
Good,Good
Poor,Poor
Poor,Poor
Good,Good
Good,Good
Poor,Poor
Good,Good
Good,Good
Moderate,Good
Good,Good
Good,Good
Good,Good
Good,Good
Good,Good
Poor,Poor
Good,Good
Poor,Poor
Good,Good
Good,Good
Good,Good
Good,Good
Good,Good
Good,Good
Poor,Poor
Good,Good
Good,Good
Good,Good
Good,Good
Good,Good
Good,Good
Good,Good
Good,Good
Moderate,Good
Good,Good
Good,Good
Good,Good
Good,Good
Good,Good
Good,Good
Good,Good
Good,Good
Poor,Poor
Poor,Poor
Good,Good
Good,Good
Good,Good
Poor,Poor
Good,Good
Good,Good
Good,Good
Poor,Poor
Good,Good
Good,Good
Good,Good
Good,Good
Good,Good
Good,Good
Good,Good
Good,Good
Good,Good
Good,Good
Good,Good
Poor,Poor
Good,Good
Poor,Poor
Moderate,Poor
Good,Good
Good,Good
Good,Good
Good,Good
Good,Good
Good,Good
Good,Good
Good,Good
Good,Good
Good,Good
Good,Good
Good,Good
Good,Good
Good,Good
Poor,Poor
Good,Good
Good,Good
Good,Good
Good,Good
Good,Good
Good,Good
Good,Good
Good,Good
Good,Good
Good,Good
Good,Good
Good,Good
Moderate,Good
Good,Good
Poor,Poor
Poor,Poor
Good,Good
Good,Good
Good,Good
Good,Good
Good,Good
Good,Good
Good,Good
Good,Good
Good,Good
Good,Good
Good,Good
Good,Good
Good,Good
Moderate,Good
Good,Good
Good,Good
Good,Good
Good,Good
Good,Good
Good,Good
Good,Good
Poor,Poor
Good,Good
Good,Good
Poor,Poor
Good,Good
Good,Good
Good,Good
Good,Good
Good,Good
Good,Good
Poor,Poor
Good,Good
Poor,Poor
Good,Good
Poor,Poor
Good,Good
Good,Good
Good,Good
Good,Good
Good,Good
Good,Good
Good,Good
Poor,Poor
Poor,Poor
Good,Good
Good,Good
Good,Good
Good,Good
Good,Good
Good,Good
Good,Good
Good,Good
Good,Good
Poor,Good
Good,Good
Good,Good
Good,Good
Moderate,Good
Good,Good
Good,Good
Good,Good
Good,Good
Good,Good
Poor,Poor
Moderate,Good
Good,Good
Good,Good
Good,Good
Good,Good
Good,Good
Good,Good
Good,Good
Good,Good
Good,Good
Good,Good
Good,Good
Good,Good
Good,Good
Good,Good
Good,Good
Poor,Poor
Good,Good
Good,Good
Good,Good
Good,Good
Good,Good
Poor,Poor
Good,Good
Good,Good
Moderate,Good
Poor,Poor
Good,Good
Good,Good
Good,Good
Good,Good
Good,Good
Poor,Good
Good,Good
Good,Good
Poor,Poor
Good,Good
Good,Good
Good,Good
Good,Good
Poor,Poor
Good,Good
Good,Good
Good,Good
Good,Good
Poor,Poor
Moderate,Good
Poor,Poor
Poor,Poor
Good,Good
Good,Good
Good,Good
Poor,Poor
Good,Good
Good,Good
Good,Good
Good,Good
Good,Good
Poor,Poor
Good,Good
Good,Good
Good,Good
Good,Good
Good,Good
Good,Good
Good,Good
Good,Good
Good,Good
Moderate,Good
Good,Good
Good,Good
Good,Good
Good,Good
Good,Good
Good,Good
Good,Good
Good,Good
Good,Good
Good,Good
Good,Good
Good,Good
Good,Good
Good,Good
Poor,Poor
Good,Good
Poor,Good
Good,Good
Good,Good
Good,Good
Poor,Poor
Poor,Poor
Good,Good
Good,Good
Good,Good
Good,Good
Good,Good
Moderate,Good
Moderate,Good
Good,Good
Good,Good
Good,Good
Good,Good
Good,Good
Good,Good
Good,Good
Good,Good
Good,Good
Moderate,Poor
Good,Good
Good,Good
Good,Good
Moderate,Good
Good,Good
Good,Good
Good,Good
Good,Good
Good,Good
Moderate,Good
Poor,Good
Good,Good
Good,Good
Good,Good
Poor,Poor
Good,Good
Good,Good
Good,Good
Good,Good
Moderate,Poor
Good,Good
Good,Good
Moderate,Good
Good,Good
Good,Good
Good,Good
Good,Good
Good,Good
Poor,Poor
Good,Good
Moderate,Poor
Good,Good
Good,Good
Poor,Poor
Good,Good
Good,Good
Good,Good
Good,Good
Good,Good
Poor,Poor
Good,Good
Good,Good
Good,Good
Good,Good
Good,Good
Good,Good
Good,Good
Good,Good
Good,Good
Good,Good
Good,Good
Good,Good
Poor,Poor
Good,Good
Good,Good
Good,Good
Good,Good
Good,Good
Good,Good
Good,Good
Good,Good
Good,Good
Poor,Poor
Poor,Poor
Good,Good
Good,Good
Poor,Poor
Good,Good
Poor,Poor
Poor,Poor
Moderate,Poor
Good,Good
Good,Good
Good,Good
Good,Good
Good,Good
Good,Good
Poor,Poor
Good,Good
Poor,Poor
Good,Good
Good,Good
Good,Good
Good,Good
Good,Good
Good,Good
Good,Good
Good,Good
Good,Good
Good,Good
Good,Good
Poor,Poor
Poor,Poor
Good,Good
Poor,Poor
Poor,Poor
Good,Good
Good,Good
Good,Good
Good,Good
Good,Good
Poor,Poor
Good,Good
Good,Good
Moderate,Good
Good,Good
Good,Good
Good,Good
Good,Good
Poor,Poor
Good,Good
Poor,Poor
Poor,Poor
Good,Good
Good,Good
Good,Good
Poor,Good
Good,Good
Good,Good
Good,Good
Good,Good
Good,Good
Good,Good
Good,Good
Poor,Poor
Good,Good
Good,Good
Good,Good
Good,Good
Good,Good
Good,Good
Good,Good
Good,Good
Good,Good
Poor,Poor
Good,Good
Good,Good
Good,Good
Good,Good
Poor,Poor
Good,Good
Good,Good
Moderate,Good
Good,Good
Good,Good
Good,Good
Good,Good
Good,Good
Good,Good
Good,Good
Good,Good
Good,Good
Poor,Poor
Good,Good
Good,Good
Good,Good
Moderate,Poor
Good,Good
Good,Good
Good,Good
Poor,Poor
Good,Good
Good,Good
Good,Good
Good,Good
Moderate,Good
Good,Good
Good,Good
Good,Good
Good,Good
Moderate,Good
Good,Good
Good,Good
Good,Good
Good,Good
Poor,Poor
Good,Good
Good,Good
Good,Good
Good,Good
Good,Good
Poor,Poor
Good,Good
Good,Good
Poor,Poor
Good,Good
Good,Good
Good,Good
Poor,Poor
Good,Good
Good,Good
Poor,Good
Moderate,Good
Good,Good
Good,Good
Poor,Good
Good,Good
Good,Good
Good,Good
Good,Good
Moderate,Good
Good,Good
Good,Good
Good,Good
Poor,Poor
Good,Good
Good,Good
Good,Good
Good,Good
Good,Good
Good,Good
Good,Good
Good,Good
Good,Good
Good,Good
Moderate,Good
Moderate,Good
Good,Good
Good,Good
Good,Good
Good,Good
Good,Good
Good,Good
Poor,Poor
Good,Good
Good,Good
Good,Good
Good,Good
Good,Good
Poor,Good
Good,Good
Good,Good
Good,Good
Good,Good
Good,Good
Good,Good
Good,Good
Good,Good
Poor,Poor
Good,Good
Good,Good
Poor,Poor
Good,Good
Good,Good
Good,Good
Good,Good
Good,Good
Good,Good
Good,Good
Good,Good
Good,Good
Good,Good
Poor,Poor
Good,Good
Good,Good
Good,Good
Good,Good
Poor,Poor
Poor,Poor
Good,Good
Good,Good
Good,Good
Good,Good
Good,Good
Moderate,Good
Good,Good
Good,Good
Good,Good
Good,Good
Good,Good
Good,Good
Poor,Poor
Poor,Poor
Good,Good
Good,Good
Good,Good
Good,Good
Good,Good
Good,Good
Good,Good
Good,Good
Poor,Good
Poor,Poor
Good,Good
Good,Good
Good,Good
Good,Good
Good,Good
Good,Good
Good,Good
Good,Good
Poor,Poor
Good,Good
Moderate,Good
Poor,Poor
Good,Good
Good,Good
Moderate,Good
Good,Good
Poor,Poor
Poor,Poor
Good,Good
Good,Good
Good,Good
Good,Good
Poor,Poor
Good,Good
Good,Good
Good,Good
Good,Good
Good,Good
Good,Good
Good,Good
Good,Good
Good,Good
Good,Good
Good,Good
Good,Good
Good,Good
Poor,Poor
Good,Good
Good,Good
Good,Poor
Good,Good
Good,Good
Good,Good
Good,Good
Good,Good
Good,Good
Good,Good
Good,Good
Good,Good
Good,Good
Good,Good
Good,Good
Good,Good
Good,Good
Good,Good
Good,Good
Good,Good
Good,Good
Good,Good
Good,Good
Good,Good
Moderate,Poor
Good,Good
Poor,Poor
Good,Good
Good,Good
Good,Good
Good,Good
Good,Good
Good,Good
Good,Good
Good,Good
Poor,Poor
Good,Good
Good,Good
Good,Good
Moderate,Good
Good,Good
Poor,Poor
Poor,Poor
Poor,Poor
Good,Good
Good,Good
Poor,Poor
Good,Good
Good,Good
Good,Good
Good,Good
Good,Good
Good,Good
Poor,Poor
Good,Good
Good,Good
Good,Good
Poor,Poor
Good,Good
Good,Good
Good,Good
Good,Good
Good,Good
Good,Good
Good,Good
Good,Good
Good,Good
Good,Good
Good,Good
Good,Good
Poor,Poor
Moderate,Poor
Good,Good
Good,Good
Good,Good
Good,Good
Good,Good
Good,Good
Good,Good
Poor,Poor
Good,Good
Good,Good
Good,Good
Good,Good
Good,Good
Good,Good
Good,Good
Good,Good
Good,Good
Good,Good
Good,Good
Good,Good
Moderate,Good
Good,Good
Good,Good
Good,Good
Good,Good
Good,Good
Good,Good
Good,Good
Good,Good
Poor,Poor
Good,Good
Good,Good
Good,Good
Good,Good
Good,Good
Good,Good
Good,Good
Good,Good
Good,Good
Good,Good
Good,Good
Good,Good
Moderate,Poor
Good,Good
Good,Good
Good,Good
Good,Good
Poor,Poor
Good,Good
Good,Good
Moderate,Poor
Good,Good
Good,Good
Moderate,Good
Good,Good
Good,Good
Good,Good
Good,Good
Good,Good
Poor,Poor
Good,Good
Good,Good
Good,Good
Poor,Poor
Moderate,Good
Good,Good
Poor,Poor
Good,Good
Good,Good
Good,Good
Good,Good
Poor,Good
Good,Good
Good,Good
Poor,Poor
Good,Good
Good,Good
Good,Good
Good,Good
Good,Good
Good,Good
Poor,Poor
Good,Good
Good,Good
Good,Good
Good,Good
Good,Good
Good,Good
Good,Good
Poor,Poor
Good,Good
Poor,Poor
Good,Good
Good,Good
Good,Good
Good,Good
Good,Good
Good,Good
Poor,Poor
Moderate,Poor
Poor,Poor
Good,Good
Good,Good
Good,Good
Good,Good
Good,Good
Good,Good
Good,Good
Moderate,Poor
Good,Good
Good,Good
Good,Good
Poor,Poor
Good,Good
Good,Good
Good,Good
Good,Good
Good,Good
Good,Good
Good,Good
Good,Good
Good,Good
Good,Good
Poor,Poor
Good,Good
Poor,Poor
Good,Good
Good,Good
Poor,Poor
Good,Good
Poor,Poor
Good,Good
Good,Good
Poor,Poor
Good,Good
Good,Good
Poor,Poor
Good,Good
Good,Good
Good,Good
Good,Good
Good,Good
Good,Good
Good,Good
Good,Good
Good,Good
Poor,Poor
Good,Good
Poor,Poor
Good,Good
Poor,Good
Good,Good
Good,Good
Good,Good
Good,Good
Good,Good
Good,Good
Poor,Poor
Good,Good
Good,Good
Good,Good
Poor,Poor
Poor,Poor
Good,Good
Good,Good
Good,Good
Poor,Poor
Good,Good
Good,Good
Good,Good
Good,Good
Good,Good
Good,Good
Good,Good
Good,Good
Good,Good
Good,Good
Good,Good
Poor,Poor
Good,Good
Good,Good
Good,Good
Good,Good
Good,Good
Good,Good
Poor,Poor
Good,Good
Moderate,Good
Good,Good
Good,Good
Good,Good
Good,Good
Good,Good
Moderate,Good
Good,Good
Good,Good
Good,Good
Poor,Poor
Good,Good
Good,Good
Good,Good
Good,Good
Good,Good
Good,Poor
Good,Good
Good,Good
Good,Good
Good,Good
Good,Good
Good,Good
Good,Good
Good,Good
Good,Good
Good,Good
Good,Good
Good,Good
Moderate,Good
Good,Good
Good,Good
Good,Good
Moderate,Good
Good,Good
Good,Good
Good,Good
Good,Good
Good,Good
Good,Good
Poor,Poor
Moderate,Poor
Good,Good
Good,Good
Good,Good
Good,Good
Good,Good
Good,Good
Good,Good
Good,Good
Good,Good
Poor,Poor
Good,Good
Good,Good
Moderate,Good
Good,Good
Good,Good
Good,Good
Good,Good
Good,Good
Good,Good
Good,Good
Good,Good
Good,Good
Good,Good
Good,Good
Good,Good
Good,Good
Good,Good
Good,Good
Good,Good
Good,Good
Good,Good
Good,Good
Poor,Poor
Good,Good
Moderate,Poor
Good,Good
Good,Good
Good,Good
Good,Good
Good,Good
Moderate,Good
Moderate,Good
Good,Good
Good,Good
Poor,Good
Good,Good
Good,Good
Good,Good
Good,Good
Good,Good
Good,Good
Good,Good
Good,Good
Good,Good
Good,Good
Good,Good
Good,Good
Moderate,Good
Good,Good
Moderate,Poor
Good,Good
Good,Good
Good,Good
Good,Good
Good,Good
Good,Good
Good,Good
Good,Good
Good,Good
Good,Good
Poor,Poor
Good,Good
Poor,Poor
Good,Good
Good,Good
Good,Good
Moderate,Good
Good,Good
Good,Good
Good,Good
Good,Good
Moderate,Good
Good,Good
Good,Good
Good,Good
Good,Good
Good,Good
Good,Good
Good,Good
Good,Good
Good,Good
Good,Good
Good,Good
Good,Good
Good,Good
Moderate,Good
Good,Good
Good,Good
Poor,Poor
Good,Good
Good,Good
Poor,Poor
Good,Good
Good,Good
Good,Good
Good,Good
Moderate,Good
Good,Good
Good,Good
Good,Good
Poor,Poor
Good,Good
Good,Good
Good,Good
Good,Good
Good,Good
Poor,Poor
Poor,Poor
Good,Good
Good,Good
Good,Good
Good,Good
Good,Good
Good,Good
Good,Good
Good,Good
Good,Good
Poor,Poor
Good,Good
Good,Good
Good,Good
Good,Good
Good,Good
Good,Good
Good,Good
Good,Good
Good,Good
Good,Good
Good,Good
Good,Poor
Good,Good
Good,Good
Good,Good
Poor,Poor
Poor,Poor
Good,Good
Good,Good
Good,Good
Good,Good
Good,Good
Poor,Poor
Poor,Poor
Good,Good
Poor,Poor
Good,Good
Moderate,Good
Good,Good
Good,Good
Good,Good
Poor,Poor
Good,Good
Good,Good
Good,Good
Good,Good
Good,Good
Good,Good
Good,Good
Good,Good
Good,Good
Poor,Poor
Good,Good
Poor,Good
Good,Good
Good,Good
Good,Good
Good,Good
Good,Good
Good,Good
Good,Good
Good,Good
Good,Good
Good,Good
Good,Good
Good,Good
Poor,Good
Poor,Poor
Good,Good
Good,Good
Good,Good
Good,Good
Good,Good
Good,Good
Poor,Poor
Good,Good
Good,Good
Good,Good
Poor,Poor
Good,Good
Good,Good
Good,Good
Good,Good
Good,Good
Good,Good
Good,Good
Poor,Poor
Good,Good
Good,Good
Good,Good
Poor,Poor
Good,Good
Good,Good
Moderate,Good
Good,Good
Moderate,Good
Good,Good
Good,Good
Good,Good
Good,Good
Good,Good
Good,Good
Poor,Poor
Good,Good
Good,Good
Good,Good
Good,Good
Good,Good
Good,Good
Good,Good
Moderate,Good
Good,Good
Good,Good
Good,Good
Good,Good
Good,Good
Good,Good
Good,Good
Good,Good
Good,Good
Good,Good
Good,Good
Good,Good
Good,Good
Good,Good
Good,Good
Good,Good
Good,Good
Good,Good
Good,Good
Good,Good
Good,Good
Moderate,Good
Good,Good
Moderate,Good
Moderate,Good
Good,Good
Good,Good
Poor,Poor
Poor,Poor
Good,Good
Good,Good
Good,Good
Good,Good
Poor,Poor
Good,Good
Good,Good
Poor,Poor
Good,Good
Good,Good
Good,Good
Moderate,Poor
Good,Good
Good,Good
Good,Good
Good,Good
Moderate,Good
Good,Good
Poor,Poor
Good,Good
Moderate,Good
Good,Good
Good,Good
Good,Good
Good,Good
Good,Good
Good,Good
Poor,Good
Good,Good
Poor,Poor
Poor,Poor
Good,Good
Poor,Poor
Poor,Poor
Good,Good
Good,Good
Good,Good
Good,Good
Good,Good
Good,Good
Good,Good
Good,Good
Good,Good
Good,Good
Good,Good
Good,Good
Good,Good
Good,Good
Good,Good
Good,Good
Good,Good
Good,Good
Good,Good
Good,Good
Good,Good
Poor,Poor
Good,Good
Good,Good
Good,Good
Good,Good
Good,Good
Good,Good
Good,Good
Good,Good
Good,Good
Good,Good
Good,Good
Good,Good
Good,Good
Good,Good
Good,Good
Good,Good
Good,Good
Good,Good
Good,Good
Good,Good
Good,Good
Good,Good
Good,Good
Good,Good
Good,Good
Good,Good
Good,Good
Good,Good
Good,Good
Good,Good
Good,Good
Good,Good
Moderate,Good
Good,Good
Good,Good
Good,Good
Good,Good
Good,Good
Good,Good
Good,Good
Good,Good
Good,Good
Good,Good
Good,Good
Good,Good
Good,Good
Good,Good
Good,Good
Poor,Poor
Good,Good
Good,Good
Good,Good
Good,Good
Good,Good
Good,Good
Good,Good
Good,Good
Good,Good
Good,Good
Poor,Poor
Good,Good
Good,Good
Poor,Poor
Good,Good
Good,Good
Poor,Poor
Moderate,Good
Good,Good
Good,Good
Good,Good
Good,Good
Poor,Poor
Good,Good
Poor,Poor
Good,Good
Good,Good
Good,Good
Good,Good
Good,Good
Good,Good
Good,Good
Good,Good
Poor,Poor
Good,Good
Good,Good
Poor,Good
Good,Good
Good,Good
Good,Good
Good,Good
Good,Good
Good,Good
Good,Good
Poor,Poor
Good,Good
Good,Good
Good,Good
Good,Good
Good,Good
Moderate,Good
Poor,Poor
Good,Good
Good,Good
Good,Good
Good,Good
Good,Good
Good,Good
Good,Good
Good,Good
Good,Good
Good,Good
Good,Good
Good,Good
Good,Good
Good,Good
Poor,Poor
Good,Good
Good,Good
Good,Good
Good,Good
Poor,Poor
Good,Good
Poor,Poor
Good,Good
Good,Good
Good,Good
Good,Good
Good,Good
Good,Good
Good,Good
Good,Good
Good,Good
Poor,Good
Poor,Poor
Good,Good
Good,Good
Poor,Poor
Good,Good
Poor,Poor
Good,Good
Good,Good
Poor,Poor
Good,Good
Good,Good
Good,Good
Good,Good
Good,Good
Good,Good
Good,Good
Good,Good
Good,Good
Good,Good
Good,Good
Good,Good
Good,Good
Poor,Poor
Good,Good
Good,Good
Good,Good
Good,Good
Good,Good
Moderate,Poor
Good,Good
Good,Good
Good,Good
Good,Good
Good,Good
Poor,Poor
Good,Good
Good,Good
Good,Good
Good,Good
Good,Good
Good,Good
Good,Good
Good,Good
Good,Good
Good,Good
Good,Good
Poor,Good
Good,Good
Good,Good
Good,Good
Good,Good
Good,Good
Good,Good
Poor,Good
Good,Good
Good,Good
Poor,Poor
Good,Good
Good,Good
Moderate,Good
Good,Good
Poor,Poor
Good,Good
Good,Good
Good,Good
Moderate,Good
Moderate,Good
Good,Good
Good,Good
Poor,Poor
Good,Good
Good,Good
Good,Good
Good,Good
Poor,Poor
Poor,Poor
Good,Good
Moderate,Good
Moderate,Poor
Poor,Poor
Good,Good
Good,Good
Good,Good
Poor,Poor
Good,Good
Good,Good
Moderate,Good
Good,Good
Good,Good
Good,Good
Poor,Poor
Poor,Poor
Good,Good
Good,Good
Good,Good
Good,Good
Good,Good
Poor,Good
Good,Good
Good,Good
Good,Good
Good,Good
Moderate,Good
Good,Good
Good,Good
Good,Good
Good,Good
Good,Good
Good,Good
Good,Good
Good,Good
Poor,Poor
Good,Good
Poor,Poor
Poor,Poor
Good,Good
Good,Good
Good,Good
Good,Good
Good,Good
Moderate,Good
Good,Good
Good,Good
Poor,Poor
Good,Good
Good,Good
Good,Good
Good,Good
Good,Good
Good,Good
Good,Good
Good,Good
Good,Good
Good,Good
Good,Good
Good,Good
Good,Good
Good,Good
Good,Good
Good,Good
Good,Good
Good,Good
Poor,Poor
Good,Good
Good,Good
Good,Good
Good,Good
Good,Good
Good,Good
Good,Good
Moderate,Good
Good,Good
Good,Good
Good,Good
Poor,Poor
Good,Good
Good,Good
Good,Good
Poor,Poor
Good,Good
Good,Good
Good,Good
Good,Good
Good,Good
Good,Good
Good,Good
Moderate,Good
Good,Good
Good,Good
Poor,Poor
Good,Good
Good,Good
Good,Good
Good,Good
Good,Good
Good,Good
Good,Good
Good,Good
Good,Good
Good,Good
Good,Good
Good,Good
Poor,Poor
Good,Good
Good,Good
Good,Good
Good,Good
Good,Good
Poor,Poor
Good,Good
Good,Good
Good,Good
Good,Good
Good,Good
Poor,Poor
Good,Good
Good,Good
Good,Good
Good,Good
Good,Good
Poor,Poor
Good,Good
Good,Good
Good,Good
Good,Good
Good,Good
Good,Good
Good,Good
Poor,Poor
Poor,Poor
Good,Good
Good,Good
Good,Good
Good,Good
Good,Good
Good,Good
Good,Good
Good,Good
Good,Good
Good,Good
Good,Good
Good,Good
Good,Good
Good,Good
Good,Good
Good,Good
Good,Good
Good,Good
Good,Good
Good,Good
Good,Good
Poor,Poor
Good,Good
Poor,Poor
Good,Good
Good,Good
Good,Good
Good,Good
Good,Good
Moderate,Good
Good,Good
Moderate,Good
Good,Good
Good,Good
Poor,Good
Good,Good
Good,Good
Good,Good
Good,Good
Good,Poor
Good,Good
Good,Good
Good,Good
Poor,Poor
Good,Good
Good,Good
Good,Good
Good,Good
Good,Good
Good,Good
Good,Good
Good,Good
Poor,Good
Good,Good
Poor,Poor
Good,Good
Good,Good
Poor,Poor
Good,Good
Good,Good
Good,Good
Good,Good
Good,Good
Good,Good
Good,Good
Good,Good
Good,Good
Poor,Poor
Good,Good
Good,Good
Good,Good
Good,Good
Poor,Good
Good,Good
Moderate,Good
Poor,Good
Good,Good
Good,Good
Good,Good
Good,Good
Good,Good
Poor,Poor
Poor,Poor
Good,Good
Poor,Poor
Good,Good
Good,Good
Good,Good
Good,Good
Good,Good
Good,Good
Good,Good
Good,Good
Poor,Poor
Good,Good
Good,Good
Poor,Poor
Good,Good
Moderate,Poor
Good,Good
Poor,Poor
Good,Good
Good,Good
Good,Good
Poor,Poor
Good,Good
Good,Good
Good,Good
Good,Good
Poor,Poor
Good,Good
Good,Good
Poor,Poor
Good,Good
Good,Good
Good,Good
Good,Good
Moderate,Poor
Good,Good
Poor,Poor
Good,Good
Good,Good
Good,Good
Good,Good
Good,Good
Poor,Poor
Good,Good
Good,Good
Good,Good
Good,Good
Good,Good
Good,Good
Good,Good
Good,Good
Good,Good
Good,Good
Moderate,Good
Good,Good
Good,Good
Good,Good
Good,Good
Good,Good
Good,Good
Good,Good
Good,Good
Good,Good
Good,Good
Good,Good
Good,Good
Good,Good
Good,Good
Good,Good
Good,Good
Good,Good
Good,Good
Good,Good
Poor,Poor
Good,Good
Poor,Poor
Good,Good
Good,Good
Good,Good
Good,Good
Good,Good
Poor,Poor
Good,Good
Good,Good
Good,Good
Good,Good
Good,Good
Good,Good
Good,Good
Good,Good
Good,Good
Moderate,Poor
Good,Good
Poor,Poor
Good,Good
Good,Good
Poor,Poor
Poor,Good
Good,Good
Good,Good
Good,Good
Good,Good
Good,Good
Good,Good
Good,Good
Good,Good
Good,Good
Good,Good
Good,Good
Good,Good
Poor,Poor
Good,Good
Good,Good
Good,Good
Good,Good
Good,Good
Poor,Poor
Good,Good
Good,Good
Good,Good
Good,Good
Good,Good
Good,Good
Good,Good
Good,Good
Good,Good
Good,Good
Good,Good
Good,Good
Good,Good
Moderate,Good
Good,Good
Poor,Poor
Good,Good
Good,Good
Good,Good
Poor,Poor
Good,Good
Good,Good
Good,Good
Poor,Poor
Good,Good
Good,Good
Good,Good
Good,Good
Good,Good
Good,Good
Good,Good
Good,Good
Good,Good
Good,Good
Good,Good
Good,Good
Good,Good
Moderate,Poor
Good,Good
Good,Good
Good,Good
Good,Good
Good,Good
Poor,Poor
Good,Good
Good,Good
Good,Good
Good,Good
Good,Good
Good,Good
Good,Good
Good,Good
Good,Good
Poor,Poor
Good,Good
Good,Good
Poor,Poor
Good,Good
Good,Good
Moderate,Good
Good,Good
Good,Good
Good,Good
Good,Good
Good,Good
Good,Good
Good,Good
Good,Good
Good,Good
Poor,Poor
Good,Good
Good,Good
Good,Good
Good,Good
Good,Good
Moderate,Poor
Good,Good
Good,Good
Good,Good
Poor,Poor
Good,Good
Good,Good
Good,Good
Good,Good
Good,Good
Good,Good
Good,Good
Good,Good
Good,Good
Poor,Poor
Good,Good
Good,Good
Good,Good
Good,Good
Moderate,Good
Good,Good
Good,Good
Good,Good
Good,Good
Moderate,Good
Good,Good
Good,Good
Good,Good
Good,Good
Good,Good
Good,Good
Good,Good
Good,Good
Good,Good
Moderate,Good
Good,Good
Poor,Poor
Good,Good
Poor,Poor
Good,Good
Moderate,Good
Good,Good
Good,Good
Good,Good
Good,Good
Poor,Poor
Good,Good
Good,Good
Poor,Poor
Poor,Poor
Good,Good
Good,Good
Poor,Poor
Good,Good
Good,Good
Good,Good
Good,Good
Good,Good
Good,Good
Good,Good
Good,Good
Good,Good
Poor,Poor
Good,Good
Poor,Poor
Good,Good
Good,Good
Good,Good
Good,Good
Good,Good
Good,Good
Good,Good
Good,Good
Good,Good
Good,Good
Good,Good
Good,Good
Good,Good
Good,Good
Good,Good
Good,Good
Good,Good
Good,Good
Poor,Poor
Good,Good
Poor,Poor
Good,Good
Good,Good
Poor,Poor
Good,Good
Good,Poor
Good,Good
Poor,Poor
Poor,Poor
Good,Good
Good,Good
Good,Good
Good,Good
Good,Good
Good,Good
